date,close,open,max,min,volume,return,comments,sentiment_sum,positive,negative
2024-06-03,308.15,313.5,315.35,305.01,52980000,-1.58,68.0,-17.79557455703616,20,48
2024-05-31,313.11,316.0,318.44,309.84,49210000,-1.11,274.0,-38.08078123629093,115,159
2024-05-30,316.63,320.91,321.54,316.0,27010000,-1.17,151.0,-25.633767053484917,58,93
2024-05-29,320.38,318.25,320.4,315.94,22990000,0.68,110.0,-30.87696006707847,33,77
2024-05-28,318.22,317.5,320.9,315.89,30190000,0.36,131.0,-16.074570139870048,59,72
2024-05-27,317.09,321.01,321.94,315.5,45710000,-1.22,191.0,-49.06127972621471,59,132
2024-05-24,321.0,323.83,324.48,319.98,26590000,-0.79,157.0,-32.63428380154073,51,106
2024-05-23,323.54,322.8,324.0,321.4,17870000,0.19,131.0,-22.395527932792902,50,81
2024-05-22,322.93,320.8,323.1,320.98,18650000,0.71,82.0,-10.913835374638438,30,52
2024-05-21,320.64,320.88,322.22,318.0,34020000,-0.14,135.0,-30.27000128943473,41,94
2024-05-20,321.08,324.0,324.84,319.04,36740000,-0.64,94.0,-23.487163552548736,32,62
2024-05-17,323.16,322.96,323.5,320.02,24400000,0.08,93.0,-9.109563443809748,40,53
2024-05-16,322.91,320.0,322.91,320.0,27850000,1.0,150.0,-27.16001840028912,55,95
2024-05-15,319.7,318.2,320.15,317.8,28350000,0.5,92.0,-2.8421543361619115,45,47
2024-05-14,318.12,315.0,318.38,313.61,35250000,1.04,141.0,-27.343323286622763,46,95
2024-05-13,314.85,314.1,315.69,314.18,21710000,0.43,66.0,-6.89557699393481,25,41
2024-05-10,313.49,311.5,313.5,311.36,16719999,0.73,70.0,-5.35018771328032,35,35
2024-05-08,311.21,308.41,311.83,308.08,33880000,0.97,126.0,-17.254692207556218,48,78
2024-05-07,308.22,306.23,308.79,306.21,16620000,0.72,73.0,-16.22468069102615,23,50
2024-05-06,306.01,308.1,308.09,305.57,19200000,-0.49,78.0,-8.585370835848153,31,47
2024-05-03,307.53,307.11,308.22,304.43,30470000,0.05,117.0,-25.53326640278101,40,77
2024-05-02,307.37,308.7,309.13,306.8,16260000,-0.28,86.0,-24.809794770553708,28,58
2024-04-30,308.24,309.19,309.49,308.03,5980000,-0.24,43.0,-6.190099709667265,18,25
2024-04-29,308.97,309.14,309.6,307.65,10030000,0.0,26.0,-2.8790829330682755,13,13
2024-04-27,308.98,309.25,309.99,308.7,13110000,-0.01,47.0,-0.7505581118166447,22,25
2024-04-26,309.0,308.5,309.9,308.0,21150000,0.19,132.0,-3.612647958099842,62,70
2024-04-25,308.41,307.95,309.07,307.45,15950000,0.15,123.0,-17.048091490752995,48,75
2024-04-24,307.94,307.5,309.79,306.65,26560000,0.18,196.0,-30.871345763094723,73,123
2024-04-23,307.39,315.39,315.79,306.26,92860000,-2.41,483.0,-54.313361634965986,206,277
2024-04-22,314.99,308.0,315.0,307.38,69010000,2.48,279.0,-41.94410199858248,114,165
2024-04-19,307.38,308.0,308.36,306.8,14580000,-0.2,75.0,-7.923232515342534,33,42
2024-04-18,307.99,306.01,308.29,305.12,20390000,0.46,76.0,-2.0320869088172913,38,38
2024-04-17,306.59,308.65,309.72,305.91,28230000,-0.55,83.0,-8.397384762763977,36,47
2024-04-16,308.29,308.0,308.6,307.0,17140000,0.1,82.0,-9.79618109529838,29,53
2024-04-15,307.99,307.47,308.39,306.64,20750000,0.29,66.0,-10.840833162888885,25,41
2024-04-12,307.1,307.4,307.85,306.33,16030000,0.05,100.0,-13.404057203326374,40,60
2024-04-11,306.95,306.7,308.0,305.7,20530000,0.15,96.0,-15.71474736649543,37,59
2024-04-10,306.48,306.76,307.14,304.62,20680000,-0.09,83.0,-13.162657375447452,31,52
2024-04-09,306.76,308.1,309.32,305.51,32040000,-0.32,167.0,-9.464437942951918,79,88
2024-04-08,307.75,306.5,308.59,306.3,24900000,0.54,110.0,-10.539623732678592,48,62
2024-04-05,306.1,304.62,306.5,303.7,19360000,0.49,117.0,-8.025668041780591,58,59
2024-04-04,304.61,306.8,307.75,304.4,29070000,-0.69,159.0,-30.554681161418557,56,103
2024-04-03,306.72,300.4,307.1,300.21,58230000,2.11,243.0,-51.71790135232732,79,164
2024-04-02,300.38,300.43,300.99,298.95,19980000,-0.02,106.0,-12.407044084975496,46,60
2024-04-01,300.43,300.0,301.6,299.53,28660000,0.57,130.0,-27.194168869871646,40,90
2024-03-29,298.72,299.38,299.49,298.0,17710000,-0.09,90.0,-15.927333801053464,37,53
2024-03-28,299.0,295.5,299.29,295.5,33680000,1.32,184.0,-34.88979937881231,68,116
2024-03-27,295.1,294.47,295.11,293.47,14560000,0.34,87.0,-13.857718700543046,34,53
2024-03-26,294.11,294.5,295.77,293.09,16300000,0.07,110.0,-41.65314802527428,21,89
2024-03-25,293.9,294.0,294.93,292.13,25570000,0.31,130.0,-27.441857798025012,45,85
2024-03-22,292.99,295.77,296.78,291.06,48980000,-0.89,124.0,-38.361287261359394,29,95
2024-03-21,295.62,295.99,297.3,291.85,70680000,0.07,178.0,-18.743836972862482,79,99
2024-03-20,295.4,295.3,296.85,293.53,30700000,0.07,155.0,-24.729764404706657,59,96
2024-03-19,295.2,298.3,299.4,294.21,59710000,-1.23,259.0,-45.562317724339664,100,159
2024-03-18,298.87,299.4,299.98,297.63,20280000,0.19,113.0,-21.746150502935052,43,70
2024-03-15,298.3,295.71,299.44,295.29,26040000,0.83,161.0,-30.73020645417273,53,108
2024-03-14,295.83,298.5,298.7,295.14,42210000,-1.01,207.0,-36.653565265238285,74,133
2024-03-13,298.85,301.2,301.49,298.7,24010000,-0.68,127.0,-29.868843969888985,39,88
2024-03-12,300.9,299.6,301.07,297.34,28740000,0.37,179.0,-31.57096290960908,63,116
2024-03-11,299.79,301.0,302.95,298.5,41780000,-0.2,164.0,-19.47752049472183,63,101
2024-03-07,300.4,297.72,300.58,297.24,21980000,0.9,93.0,-18.275051606819034,32,61
2024-03-06,297.71,298.2,299.33,296.82,17760000,-0.23,159.0,-22.569235268980265,61,98
2024-03-05,298.4,299.33,300.41,297.57,41760000,-0.26,339.0,-43.75438178982586,141,198
2024-03-04,299.17,295.87,299.5,295.8,40610000,1.28,254.0,-15.107520423829556,109,145
2024-03-01,295.38,292.2,295.88,292.2,27130000,1.09,125.0,-17.945036064833403,55,70
2024-02-29,292.19,292.31,293.2,291.3,22440000,0.15,150.0,-23.315575825981796,59,91
2024-02-28,291.75,292.6,293.95,289.75,49330000,-0.26,240.0,-23.477700498886406,105,135
2024-02-27,292.52,291.35,293.0,290.55,32500000,0.44,113.0,-21.785996242426336,36,77
2024-02-26,291.25,288.52,291.3,287.0,42970000,2.28,139.0,-23.373505713418126,52,87
2024-02-22,284.77,282.1,285.05,282.1,25180000,0.98,125.0,-20.293966102413833,49,76
2024-02-21,282.0,283.9,285.28,280.2,48920000,-0.67,221.0,-50.315324489958584,76,145
2024-02-20,283.9,289.2,289.28,283.29,44970000,-1.74,153.0,-29.161987299099565,52,101
2024-02-19,288.93,288.51,289.98,287.07,24330000,0.21,47.0,-10.620199648663402,17,30
2024-02-16,288.33,290.47,292.3,286.25,53450000,-0.66,202.0,-31.76965067582205,82,120
2024-02-15,290.24,289.3,290.45,287.63,25910000,0.41,91.0,-10.455908857285976,38,53
2024-02-14,289.06,287.07,290.6,286.84,35870000,0.69,149.0,-13.580146707594395,62,87
2024-02-13,287.07,287.52,289.0,285.4,33310000,-0.07,146.0,-37.187292048707604,45,101
2024-02-12,287.28,283.66,287.84,283.5,33890000,1.33,74.0,-9.206991208717227,32,42
2024-02-09,283.5,282.17,284.0,281.5,24380000,0.47,67.0,-10.801375503651798,25,42
2024-02-08,282.17,284.52,286.24,281.25,44130000,-0.79,143.0,-12.947278801817447,66,77
2024-02-07,284.41,278.82,284.5,278.81,45370000,2.06,136.0,-11.385895006824285,59,77
2024-02-06,278.67,278.0,278.99,277.3,15960000,0.3,78.0,-12.528624337166548,28,50
2024-02-05,277.84,277.0,278.57,276.9,16059999,0.4,59.0,-7.774684444069862,25,34
2024-02-02,276.74,277.0,277.3,276.0,12720000,-0.04,72.0,-5.714898407459259,27,45
2024-02-01,276.86,276.03,277.75,275.93,15980000,0.31,82.0,-6.294608537107706,37,45
2024-01-31,276.0,275.84,276.45,275.0,12540000,0.12,90.0,-13.994725089520216,34,56
2024-01-30,275.67,274.01,277.25,273.97,27240000,0.59,70.0,0.925719072110951,36,34
2024-01-29,274.05,273.02,274.95,272.7,17100000,0.51,70.0,-10.935183362103999,24,46
2024-01-26,272.65,273.1,273.72,272.21,11130000,-0.06,84.0,3.225485745817423,43,41
2024-01-25,272.81,274.0,274.18,271.55,24440000,-0.35,109.0,-16.703436406329274,41,68
2024-01-24,273.77,275.9,276.44,273.7,20200000,-0.77,83.0,-6.994428437203169,34,49
2024-01-23,275.9,274.7,277.26,274.31,20090000,0.35,81.0,-5.325726154260337,35,46
2024-01-22,274.93,274.86,275.9,273.85,15090000,0.03,40.0,-1.9019883954897523,16,24
2024-01-19,274.86,277.39,277.47,273.55,28050000,-0.8,81.0,-11.201864037662745,32,49
2024-01-18,277.07,278.24,278.87,276.76,17700000,-0.33,83.0,-0.02558540552854538,46,37
2024-01-17,278.0,276.02,279.17,275.75,34260000,0.72,104.0,-4.610385625623167,50,54
2024-01-16,276.01,276.22,276.45,274.1,16110000,0.02,76.0,-1.5290509769693017,33,43
2024-01-15,275.96,276.45,277.73,275.21,21400000,0.04,42.0,2.5674858009442687,23,19
2024-01-12,275.84,276.0,276.96,274.77,17700000,0.05,88.0,-16.551101851277053,30,58
2024-01-11,275.71,274.78,275.97,274.01,19530000,0.44,64.0,-3.3259554132819176,30,34
2024-01-10,274.49,275.3,276.16,273.64,20660000,-0.29,64.0,-9.335614673793316,23,41
2024-01-09,275.28,276.97,278.0,274.71,20320000,-0.53,42.0,-6.933448296971619,16,26
2024-01-08,276.76,273.6,277.0,273.53,21490000,1.15,54.0,-9.154380830004811,19,35
2024-01-05,273.62,274.3,274.69,272.8,9640000,-0.18,47.0,-6.347238138318062,18,29
2024-01-04,274.12,274.67,275.48,273.7,11730000,-0.16,36.0,-7.287596529349685,13,23
2024-01-03,274.56,271.9,274.7,271.0,20590000,1.38,58.0,-3.4970414144918323,25,33
2023-12-29,270.82,272.19,272.59,270.55,20810000,-0.34,54.0,-4.7913306672126055,23,31
2023-12-28,271.74,270.92,272.48,268.52,29440000,0.24,65.0,-6.946438251063228,30,35
2023-12-27,271.08,271.9,272.59,270.85,17210000,-0.3,52.0,-0.603007473051548,25,27
2023-12-26,271.9,271.0,272.89,270.0,22660000,0.3,78.0,-7.536910762544721,36,42
2023-12-25,271.08,271.72,273.85,270.05,38120000,-0.08,76.0,-4.8000945476815104,33,43
2023-12-22,271.3,266.06,271.9,265.37,58720000,2.3,185.0,-19.404125465545803,74,111
2023-12-21,265.19,266.4,266.87,263.5,33299999,-0.53,102.0,-19.86027771793306,35,67
2023-12-20,266.61,267.51,269.1,266.2,31090000,-0.28,88.0,-2.7493211086839437,45,43
2023-12-19,267.35,268.38,269.71,265.0,38290000,-0.39,93.0,-26.3843802055344,27,66
2023-12-18,268.4,268.93,270.44,266.54,51600000,0.07,82.0,-16.531362870708108,31,51
2023-12-15,268.21,256.6,268.91,256.6,84670000,4.51,192.0,-9.682448755949736,88,104
2023-12-14,256.64,261.4,262.75,255.58,40550000,-1.46,113.0,-21.51853021234274,38,75
2023-12-13,260.45,257.6,261.39,256.5,29840000,1.11,81.0,-11.514276052359492,30,51
2023-12-12,257.6,256.79,262.88,255.05,63930000,0.28,158.0,-23.339696573559195,61,97
2023-12-11,256.89,265.17,266.47,254.81,77670000,-3.12,380.0,-68.46132935304195,140,240
2023-12-08,265.16,266.0,268.23,263.72,35360000,0.02,70.0,-11.979989640414715,24,46
2023-12-07,265.12,267.62,270.44,263.06,63560000,-0.92,164.0,-20.47537254076451,66,98
2023-12-06,267.58,279.92,280.79,266.83,100020000,-4.31,421.0,-66.5406882907264,171,250
2023-12-05,279.62,271.98,279.65,270.54,46890000,3.2,44.0,-5.116064216941595,19,25
2023-12-04,270.96,273.6,274.95,270.52,37700000,-1.1,120.0,-6.693462482653558,55,65
2023-12-01,273.97,277.0,277.98,273.55,31660000,-1.27,167.0,-28.069680055137724,67,100
2023-11-30,277.5,276.7,278.65,272.75,55870000,0.25,218.0,-14.4393597766757,99,119
2023-11-29,276.8,279.36,280.56,276.2,29820000,-1.11,157.0,-24.37030980736017,66,91
2023-11-28,279.91,282.4,282.51,277.32,45510000,-0.86,192.0,-22.55413419753313,77,115
2023-11-27,282.33,287.4,289.0,278.88,79150000,-1.58,221.0,-18.96655465522781,103,118
2023-11-24,286.85,286.49,287.5,285.11,26070000,0.23,91.0,-16.63887993246317,31,60
2023-11-23,286.19,286.16,287.77,285.04,27720000,0.01,110.0,-19.287893565371636,39,71
2023-11-22,286.16,283.12,286.67,282.85,47300000,1.19,151.0,-10.401729055680336,65,86
2023-11-21,282.79,282.3,283.82,281.66,19100000,-0.04,50.0,-0.0537277748808266,23,27
2023-11-20,282.91,281.96,284.2,281.61,25290000,0.47,79.0,-4.601174371317029,38,41
2023-11-17,281.6,279.7,282.5,278.66,31320000,0.68,92.0,-16.039631593506783,35,57
2023-11-16,279.7,282.4,283.69,279.56,24700000,-1.13,121.0,-18.96388526353985,50,71
2023-11-15,282.89,280.87,283.93,278.51,41840000,0.72,85.0,-21.484543562866747,28,57
2023-11-14,280.87,283.7,283.88,280.54,40480000,-1.09,104.0,-9.900185100734234,43,61
2023-11-13,283.97,280.4,284.8,280.32,45890000,1.35,144.0,-9.983476223889738,63,81
2023-11-10,280.19,276.99,281.3,276.6,44640000,1.28,90.0,-4.544898531399667,41,49
2023-11-09,276.65,278.6,278.85,276.02,28430000,-0.54,97.0,-21.018235130235556,37,60
2023-11-08,278.15,273.64,278.35,273.28,58030000,1.77,181.0,-23.155933221802115,77,104
2023-11-07,273.31,273.01,274.78,272.2,32280000,-0.04,93.0,-11.201778146903962,37,56
2023-11-06,273.42,269.0,273.87,268.62,29270000,1.82,60.0,-3.989830093458295,26,34
2023-11-03,268.54,269.07,269.78,267.2,20980000,-0.19,78.0,-2.5533546963706613,41,37
2023-11-02,269.06,270.0,270.98,268.5,25750000,-0.23,117.0,-19.66257166862488,39,78
2023-11-01,269.68,268.29,270.3,267.6,20610000,0.5,86.0,-6.8801706582307816,38,48
2023-10-31,268.35,270.0,270.5,266.87,26210000,-0.57,105.0,-14.35125382244587,43,62
2023-10-30,269.89,269.9,271.55,268.6,33350000,0.07,77.0,-15.47059652581811,26,51
2023-10-27,269.7,269.93,271.98,266.8,49780000,-0.07,174.0,-22.79942963924259,74,100
2023-10-26,269.9,274.11,276.0,269.12,59500000,-1.4,136.0,-19.27669069170952,48,88
2023-10-25,273.73,271.5,274.96,270.53,41830000,0.91,109.0,-14.326322443783283,43,66
2023-10-24,271.27,270.0,272.06,268.62,28030000,0.43,94.0,-11.887527676299214,39,55
2023-10-23,270.1,270.45,274.1,269.65,62430000,0.11,91.0,-9.390836017206311,40,51
2023-10-20,269.8,268.5,270.3,266.5,32880000,0.43,98.0,-6.591946803033352,45,53
2023-10-19,268.65,267.13,271.0,266.28,33530000,0.28,102.0,-13.532800131244583,37,65
2023-10-18,267.9,270.0,271.19,266.11,40380000,-0.78,124.0,-30.01733265630901,40,84
2023-10-17,270.0,268.3,271.97,266.91,51210000,0.69,165.0,1.4300518985837698,88,77
2023-10-16,268.15,264.0,269.2,263.51,53720000,1.76,137.0,-13.679942794144154,56,81
2023-10-13,263.51,264.89,265.04,262.7,18410000,-0.37,74.0,-6.794879294931889,32,42
2023-10-12,264.5,260.0,264.5,259.66,27550000,1.65,124.0,-14.866865925490856,50,74
2023-10-11,260.21,263.3,263.99,259.5,29500000,-1.06,145.0,-24.92325288243592,51,94
2023-10-10,263.0,264.89,265.18,257.0,34000000,-0.85,145.0,-18.114368432201445,64,81
2023-10-09,265.25,263.0,265.97,263.0,45450000,0.88,137.0,-11.796425951644778,57,80
2023-10-06,262.93,259.77,263.4,257.86,32000000,1.37,123.0,-6.05979693075642,59,64
2023-10-05,259.38,260.7,261.39,258.26,23500000,-0.06,129.0,-33.47349466942251,41,88
2023-10-04,259.53,259.0,260.39,258.24,18570000,-0.05,134.0,-31.510119107551876,45,89
2023-10-03,259.65,258.99,260.5,257.23,23910000,0.26,99.0,-20.195901254191995,36,63
2023-10-02,258.98,261.37,261.92,257.03,35570000,-0.67,93.0,-20.567841882351782,33,60
2023-09-29,260.72,258.0,262.59,256.71,68530000,1.18,182.0,-41.84732492174953,57,125
2023-09-28,257.67,256.4,258.25,255.5,26330000,0.61,132.0,-22.35543749574572,50,82
2023-09-27,256.1,256.2,257.85,254.63,27880000,0.09,111.0,-8.456609678454697,49,62
2023-09-26,255.87,252.13,257.17,250.9,42960000,1.27,156.0,-16.800019631162286,64,92
2023-09-25,252.65,252.0,253.49,249.83,31860000,0.26,113.0,-21.86950584407896,39,74
2023-09-22,251.99,249.85,253.1,248.62,40710000,0.73,152.0,-29.47256609238684,57,95
2023-09-21,250.16,252.87,254.2,249.81,58910000,-1.42,167.0,-34.17442349717021,59,108
2023-09-20,253.77,252.8,255.47,249.82,66830000,0.42,190.0,-25.778297882527117,75,115
2023-09-19,252.72,258.99,259.32,251.5,89550000,-2.45,171.0,-30.71886080596596,59,112
2023-09-18,259.07,262.02,263.0,258.76,29040000,-0.67,89.0,-3.481636753305793,45,44
2023-09-15,260.83,259.65,262.74,258.56,35580000,0.32,134.0,-19.81212551472709,55,79
2023-09-14,260.0,258.9,261.38,255.02,46230000,0.7,158.0,-27.303914892021567,62,96
2023-09-13,258.18,262.4,262.77,257.59,30050000,-1.61,164.0,-43.105161047074944,54,110
2023-09-12,262.4,257.7,262.4,257.09,45160000,2.4,167.0,-25.34191683819517,61,106
2023-09-11,256.25,257.0,258.37,255.16,43280000,0.22,132.0,-15.843892669305204,57,75
2023-09-08,255.68,258.08,259.33,253.1,49560000,-1.2,153.0,-10.249132293276489,68,85
2023-09-07,258.79,263.69,264.97,256.1,67690000,-1.79,138.0,-17.325737930834293,53,85
2023-09-06,263.5,264.33,264.68,262.31,28340000,-0.47,109.0,-14.648237878456712,44,65
2023-09-05,264.75,266.74,267.98,261.09,39810000,-0.99,126.0,-23.15526911150664,45,81
2023-09-04,267.39,266.5,269.11,266.0,48140000,0.9,109.0,-12.410666714888066,45,64
2023-09-01,265.0,265.4,265.62,264.06,19270000,0.06,63.0,-1.4408464040607214,30,33
2023-08-31,264.85,265.04,266.25,264.3,22580000,0.06,61.0,-7.215251516550779,21,40
2023-08-30,264.7,265.68,267.36,263.1,38600000,-0.37,115.0,-7.39668896002695,51,64
2023-08-29,265.68,266.7,267.56,265.14,35410000,-0.47,131.0,-28.46425405237824,42,89
2023-08-28,266.93,261.32,267.83,260.81,57900000,2.47,140.0,-12.375373050570488,62,78
2023-08-25,260.5,258.8,261.6,257.61,28580000,0.34,105.0,-17.044225106947124,37,68
2023-08-24,259.63,257.63,259.94,256.4,26980000,1.26,100.0,-4.614734277129173,53,47
2023-08-23,256.4,261.5,261.83,256.0,53120000,-1.93,184.0,-18.031911457888786,80,104
2023-08-22,261.45,261.92,262.11,259.81,25950000,0.11,83.0,-19.529206424951557,24,59
2023-08-21,261.15,262.44,263.06,259.51,35770000,0.0,69.0,-8.908496520482004,22,47
2023-08-18,261.14,258.4,261.37,257.35,31060000,1.02,93.0,-5.533796953968704,45,48
2023-08-17,258.5,257.15,258.8,255.5,35940000,0.97,118.0,-18.945717160589997,49,69
2023-08-16,256.02,261.29,261.68,254.33,71820000,-1.69,196.0,-29.34469642210752,68,128
2023-08-15,260.42,259.0,264.17,256.63,59230000,-0.01,168.0,-13.969761403277516,82,86
2023-08-14,260.45,267.37,268.77,259.15,86720000,-2.17,153.0,-25.351331925950944,58,95
2023-08-11,266.23,267.26,267.4,264.8,24850000,-0.25,104.0,-10.175910801626742,45,59
2023-08-10,266.91,264.73,267.5,263.96,37290000,1.14,96.0,-14.777025214862078,37,59
2023-08-09,263.91,265.47,265.8,263.05,34990000,-0.27,141.0,-9.26499841734767,61,80
2023-08-08,264.62,261.92,265.44,258.8,65110000,1.03,163.0,-17.32694686204195,63,100
2023-08-07,261.92,266.54,268.09,260.5,61530000,-0.83,182.0,-43.36271805036813,65,117
2023-08-04,264.12,269.48,272.96,261.21,132210000,-1.85,376.0,-75.97351281531155,128,248
2023-08-03,269.11,269.0,271.35,266.8,75760000,0.2,214.0,-32.465917197056115,79,135
2023-08-02,268.57,268.5,269.97,266.52,48420000,0.03,164.0,-17.580807910766453,64,100
2023-08-01,268.5,269.0,273.35,264.1,162990000,0.41,262.0,-24.79372210521251,111,151
2023-07-31,267.4,251.33,267.77,251.33,167910000,7.28,285.0,-32.012140206992626,109,176
2023-07-28,249.25,248.0,249.45,246.67,35780000,0.52,47.0,-15.854598434176296,11,36
2023-07-27,247.95,247.5,249.3,247.24,39790000,0.36,59.0,-15.281005652621388,18,41
2023-07-26,247.05,247.2,248.33,245.9,26120000,-0.06,37.0,-3.130725832656026,16,21
2023-07-25,247.2,245.48,247.77,244.81,39730000,0.95,45.0,-7.413273753598332,17,28
2023-07-24,244.87,244.0,245.85,243.52,19770000,0.3,41.0,-4.957411473616958,17,24
2023-07-21,244.13,243.18,244.53,241.7,32270000,0.59,64.0,-12.814872421324251,19,45
2023-07-20,242.7,246.27,246.27,242.15,36030000,-1.28,72.0,-14.562703553587198,24,48
2023-07-19,245.85,247.25,248.1,245.0,31450000,-0.37,42.0,-9.907584897242486,14,28
2023-07-18,246.77,245.8,247.5,245.26,36010000,0.56,40.0,-8.249155825003982,14,26
2023-07-17,245.39,244.77,246.2,243.6,36190000,-0.43,60.0,-17.536463308148086,19,41
2023-07-14,246.45,246.32,247.05,244.51,25660000,0.11,40.0,-4.862016301136464,18,22
2023-07-13,246.19,247.97,248.15,245.34,29560000,-0.54,51.0,-11.198735555633904,13,38
2023-07-12,247.52,248.4,249.2,246.1,39320000,-0.19,87.0,-14.570942975580692,33,54
2023-07-11,247.99,250.01,250.2,246.51,49590000,-0.57,87.0,-14.338485875166953,30,57
2023-07-10,249.4,244.21,249.45,244.2,65080000,2.35,77.0,-8.511083584278822,27,50
2023-07-07,243.67,241.49,243.75,240.7,30280000,1.12,45.0,-0.6106413323432207,20,25
2023-07-06,240.96,241.47,242.47,240.71,23260000,0.0,39.0,-2.8748201075941324,16,23
2023-07-05,240.95,241.49,241.9,240.24,19970000,0.1,45.0,-14.677796872332692,12,33
2023-07-04,240.7,243.4,243.78,240.61,41560000,-1.08,39.0,-5.007732955738902,16,23
2023-07-03,243.33,240.0,244.56,239.15,47330000,1.55,63.0,-8.176207135431468,27,36
2023-06-30,239.61,240.0,240.68,238.36,24050000,-0.16,43.0,-8.15296445414424,15,28
2023-06-29,239.99,239.94,241.26,239.02,28190000,0.13,50.0,-11.475930137559772,13,37
2023-06-28,239.67,241.8,241.8,238.6,28310000,-0.64,54.0,-7.350538665428758,20,34
2023-06-27,241.21,239.02,242.34,236.8,51470000,1.18,134.0,-36.72719195811078,43,91
2023-06-26,238.4,239.6,240.5,233.4,82020000,1.16,177.0,-28.87110024597496,65,112
2023-06-23,235.67,239.98,240.99,234.34,61890000,-2.07,122.0,-19.366830308921635,45,77
2023-06-22,240.66,242.15,242.8,240.13,23140000,-0.64,56.0,-12.046520705334842,19,37
2023-06-21,242.2,241.9,243.92,240.6,26830000,0.19,46.0,-7.561950609087944,20,26
2023-06-20,241.74,241.99,242.22,238.82,36620000,-0.22,46.0,-2.9398719407618046,21,25
2023-06-19,242.28,244.47,244.69,241.32,29840000,-0.65,35.0,-5.024636510759592,14,21
2023-06-16,243.87,245.5,245.9,243.7,23440000,-0.53,28.0,-2.402723943814636,13,15
2023-06-15,245.18,245.11,245.94,243.22,40060000,0.24,40.0,-5.9089300986379385,13,27
2023-06-14,244.6,245.7,247.68,242.8,52210000,0.11,84.0,-12.61849882081151,32,52
2023-06-13,244.33,241.51,244.5,240.63,40550000,1.63,67.0,-10.154386236332355,23,44
2023-06-09,240.4,242.8,243.0,240.11,27570000,-0.57,92.0,-26.018565834499896,21,71
2023-06-08,241.77,241.3,242.78,239.55,29950000,0.22,93.0,-12.17774697765708,32,61
2023-06-07,241.25,241.2,244.39,238.56,63130000,0.14,84.0,-1.3789275232702494,40,44
2023-06-06,240.91,235.92,242.1,232.54,100640000,1.6,194.0,-50.40615020971745,60,134
2023-06-05,237.12,243.51,244.15,235.1,78740000,-2.8,160.0,-42.57216295041144,47,113
2023-06-02,243.95,242.0,245.5,240.77,46540000,0.95,82.0,-10.933603402227163,32,50
2023-06-01,241.66,247.0,247.0,240.57,52050000,-1.83,150.0,-29.17309654783457,54,96
2023-05-31,246.17,244.0,247.18,240.27,72910000,0.62,155.0,-25.43689324334264,58,97
2023-05-30,244.65,248.84,250.85,243.8,83530000,-2.6,201.0,-49.62201968766749,62,139
2023-05-29,251.18,249.78,252.59,248.85,68000000,1.24,173.0,-42.64214481133968,54,119
2023-05-26,248.1,243.45,249.64,242.81,69200000,1.78,176.0,-32.12782797589898,62,114
2023-05-25,243.76,246.1,247.4,242.65,70880000,-0.93,259.0,-65.29347040923312,75,184
2023-05-24,246.06,237.49,246.13,236.26,86010000,4.07,332.0,-40.93801921512932,140,192
2023-05-23,236.43,231.25,237.29,230.21,63010000,2.35,167.0,-39.26751529797912,44,123
2023-05-22,231.0,232.2,232.78,230.0,26490000,-0.12,75.0,-28.5900300485082,17,58
2023-05-19,231.27,230.99,232.3,229.81,31640000,-0.19,42.0,-11.40775153785944,11,31
2023-05-18,231.7,231.7,234.49,230.72,56230000,0.5,102.0,-26.037494471296668,31,71
2023-05-17,230.55,229.86,230.97,228.75,31770000,-0.03,134.0,-20.001594379544255,50,84
2023-05-16,230.62,232.4,232.86,229.57,36610000,-0.47,102.0,-29.071633462794125,26,76
2023-05-15,231.7,230.51,231.75,228.52,49090000,1.05,144.0,-13.02243366278708,60,84
2023-05-12,229.29,231.0,232.47,226.15,70530000,-0.01,261.0,-44.253375427331775,99,162
2023-05-11,229.32,228.87,235.38,223.94,197300000,1.0,579.0,-92.65771978907289,216,363
2023-05-10,227.06,216.5,227.5,215.7,156870000,-4.7,577.0,-97.47786019649357,220,357
2023-05-08,238.27,238.69,239.86,237.36,47870000,0.24,179.0,-33.29847307316959,66,113
2023-05-05,237.7,239.24,240.66,237.3,61370000,-0.5,233.0,-32.13992517441511,95,138
2023-05-04,238.89,236.89,239.74,236.05,53080000,1.32,202.0,-43.73788073472679,71,131
2023-05-03,235.77,242.85,242.99,234.0,76830000,-2.82,339.0,-59.128436191007495,129,210
2023-05-02,242.62,242.2,245.0,237.4,83960000,0.93,326.0,-76.39341189945117,108,218
2023-04-28,240.38,240.9,241.58,237.66,49580000,0.0,165.0,-30.83222917048261,59,106
2023-04-27,240.38,235.59,240.74,235.13,68310000,2.2,346.0,-30.72343018744141,145,201
2023-04-26,235.21,235.6,235.95,234.91,24430000,-0.04,145.0,-16.44854596676305,57,88
2023-04-25,235.3,235.13,235.82,234.21,32189999,0.09,177.0,-32.26008508261293,58,119
2023-04-24,235.1,235.07,236.4,234.1,30540000,-0.03,211.0,-34.613351258449256,76,135
2023-04-21,235.17,237.4,238.85,233.52,115910000,-0.47,636.0,-97.5830238321796,243,393
2023-04-20,236.28,233.32,236.47,229.84,85090000,1.43,533.0,-89.91396758891642,191,342
2023-04-19,232.95,232.67,237.37,231.1,115710000,0.12,425.0,-70.04848356544971,159,266
2023-04-18,232.66,227.89,232.76,227.05,97770000,2.0,391.0,-55.55897745210677,147,244
2023-04-17,228.1,222.98,228.2,222.91,78800000,2.81,373.0,-45.84285500552505,153,220
2023-04-14,221.87,220.0,222.5,218.51,43320000,0.92,315.0,-47.25021287146956,115,200
2023-04-13,219.85,219.49,220.89,218.0,32670000,0.29,275.0,-58.531056579202414,95,180
2023-04-12,219.22,218.6,219.7,216.67,44770000,0.28,259.0,-44.89424917846918,95,164
2023-04-11,218.6,222.9,223.33,217.62,98540000,-1.62,345.0,-67.98531015776098,113,232
2023-04-10,222.21,217.1,222.26,216.61,85200000,2.75,305.0,-34.80227512028068,114,191
2023-04-07,216.27,214.5,216.39,213.65,29200000,0.94,121.0,-19.11854697810486,43,78
2023-04-06,214.25,216.3,217.38,214.07,39060000,-0.88,137.0,-26.89190464420244,44,93
2023-04-05,216.15,214.65,216.3,211.4,46180000,0.61,232.0,-38.09585414547473,85,147
2023-04-04,214.83,216.2,217.29,213.8,45800000,-0.58,246.0,-52.973004931584,78,168
2023-04-03,216.09,218.45,219.44,214.8,55180000,-0.24,269.0,-42.17430158611387,105,164
2023-03-31,216.6,217.2,217.35,211.3,88080000,-0.12,462.0,-59.04274782259017,183,279
2023-03-30,216.87,217.3,218.45,216.12,40890000,-0.51,391.0,-62.31632794067264,157,234
2023-03-29,217.99,214.85,219.53,213.6,96680000,1.85,550.0,-85.65326007967815,215,335
2023-03-28,214.03,212.86,214.7,210.67,73900000,1.03,470.0,-88.80505652725697,164,306
2023-03-27,211.84,204.01,213.2,204.01,101520000,4.06,572.0,-100.44876391580328,207,365
2023-03-24,203.57,202.86,203.85,202.0,24330000,0.49,173.0,-49.70230293413624,48,125
2023-03-23,202.58,202.53,204.2,202.22,26650000,-0.15,272.0,-28.22630446916446,112,160
2023-03-22,202.89,203.4,204.4,201.59,57570000,-0.21,339.0,-58.72569242771715,123,216
2023-03-21,203.32,204.76,208.0,201.25,122580000,-0.2,488.0,-86.99182272516191,182,306
2023-03-20,203.73,196.02,205.09,195.0,156710000,5.24,488.0,-95.36318620573728,168,320
2023-03-17,193.59,183.0,193.66,178.56,388160000,10.34,975.0,-145.76043064892292,376,599
2023-03-16,175.45,174.94,176.04,173.36,51530000,0.09,212.0,-59.02612510230392,61,151
2023-03-15,175.3,176.0,177.37,173.59,79930000,-0.23,294.0,-65.94078445993364,91,203
2023-03-14,175.71,171.61,176.95,171.01,89330000,2.07,350.0,-71.99708176031709,116,234
2023-03-13,172.15,172.5,173.9,169.26,74030000,-0.22,273.0,-58.86102279042825,94,179
2023-03-10,172.53,171.55,173.0,170.58,50260000,-0.01,218.0,-47.06887025106698,76,142
2023-03-09,172.55,174.85,174.89,172.21,80390000,-0.84,301.0,-70.77938344748691,95,206
2023-03-07,174.01,171.87,174.2,171.0,55290000,1.26,273.0,-52.329231469891965,95,178
2023-03-06,171.84,172.14,172.99,171.35,64590000,0.4,166.0,-27.838900272734463,58,108
2023-03-03,171.16,168.17,171.26,167.9,49570000,1.85,262.0,-65.22789396159351,82,180
2023-03-02,168.05,170.4,170.4,166.55,86100000,-1.45,232.0,-51.850786230992526,75,157
2023-03-01,170.53,170.4,171.66,169.5,53780000,0.42,240.0,-42.63465053401888,87,153
2023-02-28,169.82,170.5,171.92,168.37,80750000,-0.08,276.0,-33.98038606485352,108,168
2023-02-27,169.95,163.52,170.0,162.96,100130000,3.44,432.0,-58.15713577531278,173,259
2023-02-24,164.3,163.33,165.5,163.1,37730000,0.57,199.0,-42.95972064882517,66,133
2023-02-22,163.37,164.13,164.42,162.5,43770000,-0.48,97.0,-14.053042417392136,36,61
2023-02-21,164.15,160.66,165.65,159.26,127420000,2.54,198.0,-29.35657476261258,74,124
2023-02-20,160.09,159.41,161.3,156.73,63970000,0.23,201.0,-31.141183929517865,73,128
2023-02-17,159.73,158.0,160.38,156.91,52180000,0.95,187.0,-25.23769234959036,74,113
2023-02-16,158.22,157.33,159.3,156.25,68550000,1.26,186.0,-36.60078030778095,65,121
2023-02-15,156.25,160.94,161.12,153.83,113800000,-3.47,258.0,-43.51202885992825,96,162
2023-02-14,161.86,164.3,164.38,161.64,58830000,-1.5,142.0,-23.82909452915192,50,92
2023-02-13,164.32,165.2,166.88,164.17,36210000,-0.72,149.0,-25.606336515396837,58,91
2023-02-10,165.52,165.0,166.49,164.5,40920000,0.13,174.0,-47.82879275083542,42,132
2023-02-09,165.31,164.33,167.47,161.27,107140000,0.71,325.0,-71.14957342576236,115,210
2023-02-08,164.15,165.0,166.35,162.7,58670000,-0.75,213.0,-47.89015012793243,71,142
2023-02-07,165.39,167.3,168.7,163.4,92660000,-1.02,302.0,-51.866140795871615,113,189
2023-02-06,167.09,161.78,167.17,161.01,89080000,3.62,448.0,-54.73297767713666,183,265
2023-02-03,161.26,159.1,162.32,157.88,63740000,1.14,266.0,-44.031928095035255,97,169
2023-02-02,159.45,158.4,160.29,157.37,53870000,0.73,282.0,-39.93483272497542,111,171
2023-02-01,158.29,158.2,159.6,156.5,66330000,0.14,280.0,-43.42969017568976,112,168
2023-01-31,158.07,153.51,158.18,153.3,77890000,3.06,275.0,-62.98215679079294,89,186
2023-01-30,153.38,153.5,153.88,152.21,31110000,0.12,134.0,-30.830729946494102,42,92
2023-01-27,153.2,152.4,153.48,151.69,34120000,0.52,140.0,-17.168326823040843,55,85
2023-01-26,152.4,153.32,154.3,151.73,45510000,-0.27,138.0,-18.10738804657012,55,83
2023-01-25,152.81,152.45,153.6,151.5,43380000,0.1,170.0,-32.13909378089011,63,107
2023-01-24,152.66,153.95,155.58,152.28,78730000,-0.55,265.0,-58.09872207976878,87,178
2023-01-23,153.5,151.9,154.1,151.01,55200000,1.4,185.0,-33.96342419274151,65,120
2023-01-20,151.38,149.7,151.4,148.64,44250000,1.37,126.0,-25.092243559658527,45,81
2023-01-19,149.34,151.2,152.85,148.56,66810000,-1.41,214.0,-24.30213948246092,93,121
2023-01-18,151.47,150.4,153.0,149.41,67510000,0.68,216.0,-45.19263651687652,69,147
2023-01-17,150.45,154.0,154.31,150.01,84400000,-2.12,271.0,-54.15877508698031,82,189
2023-01-16,153.71,152.89,154.0,151.88,51750000,1.33,254.0,-47.02687304094434,90,164
2023-01-13,151.69,149.58,153.28,147.71,88520000,1.6,302.0,-65.5314092002809,100,202
2023-01-12,149.3,150.02,150.79,148.39,46790000,-0.44,169.0,-13.347096279729158,71,98
2023-01-11,149.96,142.97,149.98,142.87,123150000,5.01,334.0,-49.53392194164917,125,209
2023-01-10,142.81,142.1,142.85,141.31,23720000,0.29,64.0,-13.13746403902769,22,42
2023-01-09,142.4,141.83,142.99,141.65,31450000,0.71,90.0,-18.77857595961541,27,63
2023-01-06,141.4,141.39,141.62,140.9,10660000,0.09,78.0,-17.182325594127178,24,54
2023-01-05,141.27,141.6,141.84,140.54,17250000,-0.11,73.0,-17.980859277769923,22,51
2023-01-04,141.43,141.85,142.28,140.75,17110000,-0.25,51.0,-12.41170691139996,14,37
2023-01-03,141.78,141.6,143.25,141.56,21100000,0.45,48.0,-9.378693349659445,17,31
2022-12-30,141.15,140.8,141.48,140.13,28180000,0.13,137.0,-32.53077987022698,43,94
2022-12-29,140.96,139.5,141.65,139.22,32060000,1.04,139.0,-23.48605953529477,51,88
2022-12-28,139.51,139.73,140.4,138.6,28050000,-0.28,113.0,-17.660194102674723,39,74
2022-12-27,139.9,141.31,142.0,139.6,41650000,-0.74,160.0,-39.96914986055344,49,111
2022-12-26,140.95,138.33,141.0,138.0,49380000,2.18,167.0,-18.999215440824628,69,98
2022-12-23,137.94,137.49,138.26,136.81,22910000,0.18,138.0,-30.09249534457922,42,96
2022-12-22,137.69,137.99,138.97,137.0,30560000,-0.04,149.0,-29.33276476059109,44,105
2022-12-21,137.75,138.7,139.12,135.81,45540000,-0.38,160.0,-27.850218414328992,53,107
2022-12-20,138.28,134.51,138.4,134.41,45020000,2.7,166.0,-38.920884479768574,53,113
2022-12-19,134.64,135.13,136.73,132.86,58830000,-0.6,155.0,-29.77442778367549,56,99
2022-12-16,135.45,134.5,136.09,134.13,32799999,0.67,178.0,-32.08289316017181,67,111
2022-12-15,134.55,136.99,137.08,134.3,54790000,-2.0,147.0,-20.78705135732889,56,91
2022-12-14,137.3,138.28,138.28,136.6,34070000,-0.6,118.0,-20.69420093903318,37,81
2022-12-13,138.13,139.67,139.93,136.67,52200000,-0.97,175.0,-28.956807794049386,61,114
2022-12-12,139.48,140.19,140.87,138.7,33479999,-0.39,115.0,-25.61465187370777,33,82
2022-12-09,140.03,139.7,140.7,139.24,29440000,0.08,149.0,-30.254247994162142,52,97
2022-12-08,139.92,143.5,143.6,139.8,64060000,-1.69,261.0,-45.48873635474592,96,165
2022-12-07,142.32,140.5,142.81,138.36,69890000,1.22,285.0,-43.40320341382176,106,179
2022-12-06,140.61,142.2,143.37,139.11,51820000,-0.98,187.0,-32.26593515276909,68,119
2022-12-05,142.0,136.66,142.68,136.25,103930000,3.91,304.0,-74.27536056376994,89,215
2022-12-02,136.66,136.99,137.1,136.17,19260000,-0.36,116.0,-22.78119026683271,42,74
2022-12-01,137.15,137.1,137.95,136.31,33060000,0.27,151.0,-38.05631794407964,42,109
2022-11-30,136.78,136.5,136.78,135.23,26820000,0.3,153.0,-31.985252992250025,51,102
2022-11-29,136.37,136.29,137.2,135.88,31650000,0.62,127.0,-31.71518111601472,36,91
2022-11-28,135.53,135.02,136.2,134.1,45280000,-0.73,140.0,-24.30737655051053,54,86
2022-11-25,136.53,137.2,137.24,135.41,29620000,-0.06,147.0,-34.27185251470655,53,94
2022-11-24,136.61,137.0,138.41,136.12,42390000,0.01,250.0,-61.09845755342394,81,169
2022-11-23,136.59,135.7,137.55,134.5,52300000,0.69,326.0,-62.846846441272646,119,207
2022-11-22,135.65,134.55,136.0,133.81,45820000,0.89,252.0,-47.34513585548848,92,160
2022-11-21,134.46,136.01,136.3,132.51,83600000,-1.78,260.0,-29.35577968135476,108,152
2022-11-18,136.89,137.08,137.81,135.84,44080000,-0.49,203.0,-57.95141762215644,64,139
2022-11-17,137.57,139.09,140.35,136.6,59160000,-1.16,254.0,-60.24460955988616,80,174
2022-11-16,139.18,136.99,139.73,136.32,67090000,2.59,237.0,-55.8040499011986,75,162
2022-11-15,135.66,140.49,141.0,130.86,145540000,-2.96,360.0,-57.06003317097202,134,226
2022-11-14,139.8,137.5,140.7,135.83,82520000,2.06,212.0,-20.483430358115584,92,120
2022-11-11,136.98,137.9,138.42,135.13,75710000,0.22,247.0,-50.10295259952545,84,163
2022-11-10,136.68,131.0,136.69,129.77,171750000,7.37,375.0,-69.33638976607472,140,235
2022-11-09,127.3,131.06,131.47,126.42,64959999,-3.04,154.0,-30.182879916392267,50,104
2022-11-08,131.29,132.0,133.11,130.1,69560000,-0.54,164.0,-40.50119834765792,48,116
2022-11-07,132.0,127.09,132.0,126.5,91710000,4.97,182.0,-28.19989932514727,78,104
2022-11-03,125.75,125.4,126.1,123.91,47720000,0.21,110.0,-20.1999248880893,40,70
2022-11-02,125.49,127.06,127.74,123.75,40220000,-1.23,112.0,-28.0474853720516,36,76
2022-11-01,127.05,127.2,127.97,126.12,36820000,0.26,75.0,-13.107792718335986,24,51
2022-10-31,126.72,127.2,128.6,125.41,60760000,-0.2,124.0,-20.860022466629744,50,74
2022-10-28,126.97,126.14,127.25,124.6,73660000,0.28,170.0,-21.469983849674463,69,101
2022-10-27,126.61,124.75,127.5,123.68,87920000,1.75,162.0,-35.1439538160339,51,111
2022-10-26,124.43,124.7,126.88,122.1,108500000,0.06,174.0,-34.767510012723505,62,112
2022-10-25,124.36,118.84,125.2,118.3,114160000,4.68,265.0,-28.92572774458677,111,154
2022-10-24,118.8,120.15,121.68,117.65,74540000,-0.54,212.0,-44.414680826012045,75,137
2022-10-21,119.45,116.93,119.94,114.37,102380000,2.11,211.0,-40.73926751315594,79,132
2022-10-20,116.98,112.75,117.2,112.37,100720000,4.08,163.0,-20.604628439992663,64,99
2022-10-19,112.39,110.12,112.93,109.3,90690000,1.36,181.0,-38.475121069699526,71,110
2022-10-18,110.88,113.05,114.37,110.48,101850000,-1.39,128.0,-25.09149771183729,41,87
2022-10-17,112.44,107.93,112.76,107.65,78500000,4.32,161.0,-22.831294930540025,63,98
2022-10-14,107.78,106.92,109.19,105.69,52570000,1.2,154.0,-23.012955739162862,55,99
2022-10-13,106.5,105.72,107.3,104.8,46850000,0.57,143.0,-20.98394047981128,61,82
2022-10-12,105.9,108.27,108.5,105.25,63380000,-1.69,149.0,-19.33140231203288,61,88
2022-10-11,107.72,106.5,108.3,104.26,76960000,0.95,157.0,-34.42745856381953,55,102
2022-10-10,106.71,96.55,106.77,96.5,117470000,5.13,180.0,-26.75430321972817,67,113
2022-10-07,101.5,107.7,108.48,101.3,90990000,-6.23,370.0,-69.79024205822498,132,238
2022-10-06,108.24,108.65,110.38,107.57,51740000,-0.25,159.0,-47.48455995600671,49,110
2022-10-05,108.51,110.49,110.49,106.25,90420000,-1.85,226.0,-35.53696290962398,84,142
2022-10-04,110.55,115.06,115.5,110.3,83560000,-3.32,133.0,-18.96063065715134,53,80
2022-10-03,114.35,110.62,114.65,109.0,73960000,3.76,168.0,-34.8908816287294,61,107
2022-09-30,110.21,111.0,113.4,103.4,133570000,-0.18,310.0,-57.09115338139236,120,190
2022-09-29,110.41,111.59,112.2,107.68,67490000,-0.59,233.0,-38.5875317202881,84,149
2022-09-28,111.06,112.0,115.2,109.13,77970000,-1.65,248.0,-41.10698119318113,93,155
2022-09-27,112.92,110.0,113.89,107.07,90980000,5.47,301.0,-48.64115023612976,116,185
2022-09-26,107.06,114.0,117.99,105.0,148640000,-10.33,434.0,-97.89142910484225,154,280
2022-09-23,119.39,124.49,124.5,117.35,85910000,-3.96,275.0,-48.25522175664082,101,174
2022-09-22,124.31,120.25,126.95,120.25,117480000,3.39,215.0,-51.75612780218944,63,152
2022-09-21,120.23,112.5,123.98,109.27,136630000,-3.89,261.0,-66.5814734082669,82,179
2022-09-20,125.1,137.87,138.35,122.42,208950000,-9.37,462.0,-86.82430880330503,158,304
2022-09-19,138.04,137.4,139.08,137.07,33270000,0.23,130.0,-33.79258013982326,36,94
2022-09-16,137.73,139.37,141.39,136.8,71800000,-1.25,263.0,-58.57170449476689,85,178
2022-09-15,139.48,139.15,140.28,137.61,56240000,0.42,169.0,-22.81762597570196,65,104
2022-09-14,138.9,136.6,139.29,135.2,62840000,1.39,167.0,-31.442843434400856,58,109
2022-09-13,137.0,138.7,139.37,136.15,44580000,-1.23,251.0,-16.326846620999277,115,136
2022-09-12,138.7,137.07,140.37,136.8,52610000,0.4,223.0,-30.95818303991109,86,137
2022-09-09,138.15,134.41,138.47,134.23,49120000,2.71,235.0,-46.315169292502105,85,150
2022-09-08,134.51,136.69,137.4,134.0,57740000,-1.72,276.0,-60.197065303102136,99,177
2022-09-07,136.86,136.96,139.19,135.41,60750000,-0.27,221.0,-50.944691062904894,70,151
2022-09-06,137.23,140.9,141.07,135.22,86670000,-2.67,220.0,-62.32912862300873,62,158
2022-09-05,141.0,143.5,145.1,139.11,87600000,-1.95,239.0,-64.1567798173055,75,164
2022-09-02,143.8,138.8,144.9,136.22,136890000,4.05,424.0,-56.164242999628186,165,259
2022-09-01,138.2,133.99,138.22,132.02,54940000,2.94,202.0,-30.632777824997905,84,118
2022-08-31,134.25,132.3,138.34,131.5,107450000,3.23,244.0,-44.91003563627601,93,151
2022-08-30,130.05,131.17,132.6,129.65,51080000,-0.85,182.0,-31.26385040488094,73,109
2022-08-29,131.17,130.12,131.4,129.52,40910000,0.59,130.0,-13.227673523128033,55,75
2022-08-26,130.4,128.02,130.5,127.62,32880000,1.73,192.0,-26.246784131973985,77,115
2022-08-25,128.18,128.15,129.81,127.1,36070000,0.02,164.0,-21.003932015039027,63,101
2022-08-24,128.15,130.6,131.64,127.85,45830000,-1.71,192.0,-23.44493912253529,78,114
2022-08-23,130.38,126.06,130.49,126.01,65420000,3.43,240.0,-12.636780016124249,109,131
2022-08-22,126.06,125.0,126.69,124.7,24510000,0.69,124.0,-22.179976015351716,49,75
2022-08-19,125.2,126.3,126.36,124.72,18680000,-0.87,131.0,-22.89653375931084,47,84
2022-08-18,126.3,124.39,126.5,123.92,25420000,1.45,109.0,-23.60859449300915,37,72
2022-08-17,124.5,126.58,127.44,124.5,32890000,-1.5,135.0,-16.94916381780058,52,83
2022-08-16,126.39,125.2,126.86,124.53,27290000,1.11,163.0,-13.08478171005845,65,98
2022-08-15,125.0,124.56,125.7,123.28,25360000,0.1,190.0,-46.27002695854753,56,134
2022-08-12,124.88,123.46,124.98,122.6,27220000,1.16,184.0,-22.602155244909227,68,116
2022-08-11,123.45,126.97,126.97,123.07,30950000,-2.18,136.0,-29.30646800622344,39,97
2022-08-10,126.2,126.25,127.29,124.87,31940000,-0.16,131.0,-17.357565339654684,50,81
2022-08-09,126.4,123.9,126.5,122.3,37920000,2.09,238.0,-42.16093735862523,88,150
2022-08-08,123.81,126.11,127.38,123.51,53660000,1.15,238.0,-49.91850683838129,81,157
2022-08-05,122.4,127.5,127.58,122.24,61180000,-3.58,282.0,-37.32335047563538,113,169
2022-08-04,126.95,126.94,128.13,126.16,19560000,0.08,133.0,-20.50349160749465,47,86
2022-08-03,126.85,128.05,129.15,126.27,30950000,-0.53,175.0,-28.673264406621456,72,103
2022-08-02,127.53,126.6,128.44,125.6,44010000,0.15,229.0,-44.69932306557894,84,145
2022-08-01,127.34,131.77,131.77,127.34,44320000,-3.46,203.0,-35.18547171540558,76,127
2022-07-29,131.9,131.65,132.75,130.31,27790000,0.14,124.0,-13.189124273136258,48,76
2022-07-28,131.72,133.01,133.49,130.1,40100000,-0.59,113.0,-25.69938801415265,37,76
2022-07-27,132.5,132.9,134.79,131.62,42530000,-0.3,119.0,-20.157351715955883,45,74
2022-07-26,132.9,132.02,133.9,131.0,50350000,1.1,188.0,-14.10470181517303,83,105
2022-07-25,131.45,128.9,132.0,127.24,55990000,2.04,222.0,-21.431131939403716,93,129
2022-07-22,128.82,125.5,129.1,125.03,46480000,2.66,135.0,-28.59771207347512,49,86
2022-07-21,125.48,126.44,126.83,122.24,53630000,-0.76,143.0,-30.87351743225008,51,92
2022-07-20,126.44,128.12,129.2,126.16,34760000,-1.03,126.0,-36.02802777476609,37,89
2022-07-19,127.76,128.0,128.11,125.51,32380000,-0.27,122.0,-33.35715187713504,39,83
2022-07-18,128.11,130.0,130.64,127.25,35480000,-0.61,104.0,-10.422933942638338,44,60
2022-07-15,128.9,126.06,129.44,125.27,44950000,2.38,124.0,-22.72025268152356,44,80
2022-07-14,125.9,125.97,128.0,124.61,41700000,-0.08,157.0,-21.53804070688784,66,91
2022-07-13,126.0,129.8,129.95,125.36,45930000,-2.33,151.0,-28.25942177232355,47,104
2022-07-12,129.0,126.5,129.35,124.2,57250000,1.74,129.0,-22.750863149762157,43,86
2022-07-11,126.8,132.8,133.9,126.42,53730000,-4.88,205.0,-22.45020297076553,84,121
2022-07-08,133.3,133.15,133.98,130.9,27640000,0.16,173.0,-25.37367692962289,60,113
2022-07-07,133.09,134.0,135.2,131.22,43060000,-0.68,158.0,-33.70004380308092,57,101
2022-07-06,134.0,133.5,137.1,132.5,47080000,0.37,134.0,-32.65402115229517,43,91
2022-07-05,133.5,132.0,135.7,131.43,51660000,1.57,110.0,-17.00798647478223,43,67
2022-07-04,131.43,129.0,132.8,127.16,48010000,1.17,158.0,-22.879011928103864,63,95
2022-07-01,129.91,124.13,132.0,122.5,60630000,3.76,151.0,-25.548364851623774,58,93
2022-06-30,125.2,132.5,135.44,123.55,91500000,-5.72,389.0,-83.02591233327985,131,258
2022-06-29,132.8,139.8,139.89,132.75,55160000,-5.14,281.0,-48.69952623266727,107,174
2022-06-28,139.99,141.75,142.35,138.5,54860000,-0.82,180.0,-29.79283482581377,70,110
2022-06-27,141.15,137.7,141.77,136.77,69960000,2.46,274.0,-32.459974341094494,113,161
2022-06-24,137.76,137.16,138.3,135.21,45250000,0.66,168.0,-31.67441976442933,56,112
2022-06-23,136.85,133.9,138.4,131.5,108120000,2.81,302.0,-47.78247816581279,113,189
2022-06-22,133.11,127.88,133.21,126.03,67800000,3.11,243.0,-27.66505105979741,101,142
2022-06-21,129.1,131.98,133.49,127.11,75570000,-1.67,177.0,-24.172870519571006,70,107
2022-06-20,131.29,124.1,131.5,123.6,65680000,5.98,178.0,-17.72562013519928,78,100
2022-06-17,123.88,123.97,125.18,123.11,36610000,0.12,113.0,-15.766749151516706,44,69
2022-06-16,123.73,121.5,123.73,120.41,47920000,2.14,123.0,-21.00298484042287,43,80
2022-06-15,121.14,119.4,121.71,118.71,52260000,1.82,109.0,-18.117568797897547,36,73
2022-06-14,118.98,118.03,119.88,115.8,37690000,0.77,152.0,-36.31700749089941,50,102
2022-06-10,118.07,118.03,119.55,117.73,25370000,-0.11,160.0,-37.36038289964199,49,111
2022-06-09,118.2,120.0,120.2,117.7,29370000,-1.42,108.0,-20.294434341602027,36,72
2022-06-08,119.9,118.51,122.19,118.4,41510000,1.34,137.0,-9.18864595517516,61,76
2022-06-07,118.32,118.68,118.9,117.32,22270000,-0.39,114.0,-20.65596840530634,45,69
2022-06-06,118.78,119.26,120.35,118.29,22280000,-0.36,120.0,-26.696585251949728,37,83
2022-06-03,119.21,119.29,120.16,117.18,34340000,0.18,180.0,-34.62820663675666,59,121
2022-06-02,119.0,121.9,122.39,118.5,42770000,-2.44,145.0,-13.354904480278492,61,84
2022-06-01,121.97,117.5,122.69,117.0,43790000,3.1,179.0,-27.95313944108784,68,111
2022-05-31,118.3,120.0,120.0,117.62,29980000,-1.96,160.0,-25.60924628889188,64,96
2022-05-30,120.67,121.6,123.0,120.21,24960000,-0.45,86.0,-25.85948991216719,24,62
2022-05-27,121.22,123.0,123.5,120.9,32689999,-1.45,101.0,-29.91969622951001,28,73
2022-05-26,123.0,124.8,125.99,122.0,51990000,-0.93,105.0,-27.222459690645337,33,72
2022-05-25,124.15,124.11,125.5,120.5,53510000,0.44,118.0,-22.060909427702427,39,79
2022-05-24,123.6,119.45,125.0,117.1,45160000,3.47,150.0,-24.433543862774968,52,98
2022-05-23,119.46,121.5,122.5,118.9,37980000,-2.24,150.0,-46.210032895207405,40,110
2022-05-20,122.2,126.06,127.0,121.05,39290000,-2.71,134.0,-35.56822647806257,36,98
2022-05-19,125.6,125.31,126.86,123.21,34250000,0.38,92.0,-17.96669709123671,27,65
2022-05-18,125.12,128.2,131.3,125.0,55570000,-2.06,122.0,-22.15154620725661,49,73
2022-05-17,127.75,124.0,127.78,123.65,41960000,3.52,67.0,-7.557362059131265,28,39
2022-05-16,123.41,120.9,123.5,119.5,34940000,2.67,72.0,-15.988617622293532,25,47
2022-05-13,120.2,120.45,121.59,118.2,22840000,0.88,100.0,-25.76832415536046,29,71
2022-05-12,119.15,123.1,123.74,118.05,30850000,-3.4,140.0,-30.87541154259816,47,93
2022-05-11,123.34,123.0,126.05,121.86,32869999,0.19,127.0,-31.703604611568156,42,85
2022-05-06,123.1,124.74,124.99,121.52,30600000,-1.36,119.0,-18.218797991983596,43,76
2022-05-05,124.8,124.21,125.54,122.75,42380000,1.3,89.0,-10.678775816224515,34,55
2022-05-04,123.2,129.1,131.5,122.5,67290000,-4.35,216.0,-50.40891785966232,77,139
2022-04-29,128.8,123.67,130.0,122.8,87370000,4.0,176.0,-25.62901338003576,72,104
2022-04-28,123.85,132.14,134.5,123.05,123540000,-5.54,241.0,-44.63500323565677,89,152
2022-04-27,131.11,123.0,131.73,120.6,115500000,7.15,187.0,-27.92176124453545,80,107
2022-04-26,122.36,112.58,124.92,111.9,83540000,9.35,229.0,-35.624112335033715,83,146
2022-04-25,111.9,116.0,116.4,111.5,45810000,-4.33,225.0,-49.1476482776925,81,144
2022-04-22,116.97,118.65,122.32,115.55,57470000,-1.42,158.0,-36.458141369745135,52,106
2022-04-21,118.65,121.97,123.05,117.85,40650000,-2.35,164.0,-37.6405688142404,54,110
2022-04-20,121.5,121.0,125.44,117.51,66599999,1.0,196.0,-51.12072852719575,54,142
2022-04-19,120.3,123.85,123.85,115.36,79910000,-2.87,352.0,-78.35479225823656,103,249
2022-04-18,123.85,131.41,132.68,123.7,58500000,-5.37,265.0,-44.14103606902063,102,163
2022-04-15,130.88,128.55,131.72,125.12,46770000,1.42,135.0,-27.803446319885552,51,84
2022-04-14,129.05,135.85,135.89,129.05,44370000,-4.76,236.0,-30.954427184537053,94,142
2022-04-13,135.5,136.78,138.14,132.72,39090000,0.09,124.0,-24.479974226094782,40,84
2022-04-12,135.38,138.84,140.1,130.35,75390000,-2.39,217.0,-59.71262548491359,67,150
2022-04-11,138.69,144.09,146.98,138.5,47580000,-3.5,185.0,-46.767661550082266,56,129
2022-04-08,143.72,149.05,151.0,141.06,48450000,-2.56,160.0,-23.556358649861068,67,93
2022-04-07,147.5,143.1,149.9,142.5,58840000,4.17,208.0,-47.40224611386657,65,143
2022-04-06,141.6,143.51,153.3,140.65,109040000,-8.11,367.0,-96.66548266075552,117,250
2022-04-05,154.1,169.83,169.9,147.76,130340000,-7.17,84.0,-13.545272811781617,28,56
2022-04-04,166.0,158.76,166.88,150.2,115940000,7.44,230.0,-28.4025568831712,95,135
2022-04-01,154.5,145.0,155.4,144.51,118880000,7.52,311.0,-71.16705568321049,104,207
2022-03-31,143.69,135.25,147.41,134.52,118430000,6.75,190.0,-57.64721239637584,50,140
2022-03-30,134.6,136.89,138.4,131.11,35680000,4.53,145.0,-25.432521051727235,50,95
2022-03-29,128.77,126.16,137.57,122.0,72340000,3.02,173.0,-30.398710729554296,59,114
2022-03-28,125.0,130.6,131.47,125.0,33210000,-4.94,249.0,-61.17837787698954,76,173
2022-03-25,131.5,137.0,147.0,128.2,57660000,-3.48,217.0,-59.20036327280104,64,153
2022-03-24,136.24,131.0,156.2,130.15,159460000,3.9,533.0,-142.34317584894598,163,370
2022-02-25,131.12,123.75,152.89,115.11,396290000,-0.8,4406.0,-917.7334036719984,1482,2924
2022-02-24,132.18,187.54,187.54,89.59,829360000,-36.61,8545.0,-2139.564449614845,2606,5939
2022-02-22,208.53,198.72,219.9,182.03,946020000,3.75,6426.0,-1270.038722096011,2253,4173
2022-02-21,201.0,249.15,258.32,184.3,1080000000,-19.69,9304.0,-1695.706203820184,3309,5995
2022-02-18,250.28,262.13,267.0,245.0,270590000,-3.95,3544.0,-580.1022930019535,1318,2226
2022-02-17,260.58,277.0,277.0,259.36,262089999,-6.19,3323.0,-518.0376764410175,1246,2077
2022-02-16,277.78,276.88,281.0,274.15,195820000,1.38,2948.0,-395.7809065813199,1168,1780
2022-02-15,274.0,257.89,274.0,257.51,271520000,6.74,2954.0,-498.1718610115349,1056,1898
2022-02-14,256.7,256.69,259.5,245.1,357650000,-1.58,3115.0,-474.2092153108679,1204,1911
2022-02-11,260.83,274.9,275.87,259.61,213950000,-5.22,3161.0,-295.7589987637475,1356,1805
2022-02-10,275.2,279.2,282.3,273.67,180150000,-1.39,2375.0,-225.99297108035532,1015,1360
2022-02-09,279.09,270.01,279.71,270.0,193580000,3.44,2457.0,-331.1277741054073,977,1480
2022-02-08,269.8,257.6,269.9,256.52,161510000,4.73,1879.0,-203.3622261704877,786,1093
2022-02-07,257.61,256.99,260.53,253.52,85590000,0.42,1260.0,-198.220273793675,464,796
2022-02-04,256.53,251.99,259.74,251.91,127040000,2.29,1871.0,-292.136080943048,724,1147
2022-02-03,250.79,258.45,259.87,250.06,151170000,-3.91,2539.0,-415.82017432013527,928,1611
2022-02-02,261.0,265.88,266.91,254.52,170220000,-1.4,2057.0,-240.89341665944085,827,1230
2022-02-01,264.7,269.72,273.1,260.56,170400000,-1.75,2138.0,-291.88290834147483,825,1313
2022-01-31,269.42,258.98,269.6,258.81,156180000,4.5,1813.0,-204.39606398064643,761,1052
2022-01-28,257.82,255.87,262.0,252.02,204180000,1.39,2092.0,-297.4566731513478,788,1304
2022-01-27,254.29,235.0,260.0,233.1,301310000,7.34,2397.0,-324.34739848505706,941,1456
2022-01-26,236.9,240.5,245.17,233.3,224840000,-1.12,2163.0,-327.5854965643957,819,1344
2022-01-25,239.59,237.0,243.55,231.0,232600000,1.11,2041.0,-343.89667216828093,753,1288
2022-01-24,236.97,246.51,249.88,226.0,325830000,-4.02,2749.0,-457.87869213335216,1029,1720
2022-01-21,246.9,252.99,259.08,246.0,295690000,-3.03,2338.0,-313.242913316004,914,1424
2022-01-20,254.61,244.17,263.0,240.01,329110000,3.98,1978.0,-323.30242799501866,728,1250
2022-01-19,244.86,232.9,249.0,221.03,360960000,4.33,3717.0,-609.6043614237569,1393,2324
2022-01-18,234.7,258.8,259.39,228.09,484060000,-8.95,2607.0,-463.039534419775,920,1687
2022-01-17,257.78,262.15,264.01,247.0,248690000,-1.23,1726.0,-325.17900438420475,631,1095
2022-01-14,261.0,272.39,277.98,249.2,406250000,-4.22,2179.0,-348.2200179588981,822,1357
2022-01-13,272.5,289.56,290.37,269.9,211560000,-6.16,1557.0,-174.20665394468233,673,884
2022-01-12,290.4,292.82,292.92,285.05,81820000,-0.51,1016.0,-119.57251807069406,410,606
2022-01-11,291.88,293.4,293.94,288.71,58920000,0.07,725.0,-89.59914708696306,291,434
2022-01-10,291.69,295.52,298.88,288.68,67430000,-0.76,864.0,-13.263193587306889,424,440
2022-01-06,293.92,286.6,295.1,281.0,79380000,2.41,907.0,-69.60185874532908,406,501
2022-01-05,287.01,303.72,304.26,287.0,70020000,-5.66,1024.0,-84.84639459848404,453,571
2022-01-04,304.24,305.51,310.1,301.63,53270000,-0.4,500.0,-4.713297252543271,248,252
2022-01-03,305.47,295.9,305.5,294.34,50180000,4.08,546.0,-59.18929320247844,229,317
2021-12-30,293.49,293.6,294.89,291.52,42570000,-0.01,331.0,-46.37991501484066,123,208
2021-12-29,293.51,295.05,295.55,291.33,37670000,-0.51,487.0,-20.56029013171792,227,260
2021-12-28,295.0,295.84,297.55,294.18,37860000,-0.23,463.0,-20.70923642721027,221,242
2021-12-27,295.68,294.76,296.0,293.37,35730000,0.61,416.0,-57.974018370732665,156,260
2021-12-24,293.89,292.92,294.18,289.0,37670000,0.37,746.0,-48.286691054701805,326,420
2021-12-23,292.8,294.68,298.1,291.26,55530000,-0.41,728.0,-112.39358012005688,272,456
2021-12-22,294.0,291.8,297.23,289.23,63860000,0.79,776.0,-92.56374606955796,318,458
2021-12-21,291.7,289.8,293.4,286.76,64930000,1.14,931.0,-134.17688927985728,368,563
2021-12-20,288.4,293.11,293.11,285.63,79680000,-2.2,776.0,-86.69549117423594,322,454
2021-12-17,294.9,295.0,296.73,291.61,109770000,-0.33,1007.0,-119.24755528848618,403,604
2021-12-16,295.89,287.7,298.7,286.2,134810000,3.22,1102.0,-142.23105792654678,427,675
2021-12-15,286.65,284.9,287.79,279.44,87520000,0.61,1327.0,-207.47588791698217,488,839
2021-12-14,284.9,280.2,286.09,261.5,176480000,1.52,1847.0,-322.33485182281584,684,1163
2021-12-13,280.64,298.23,300.99,280.08,146310000,-5.65,2102.0,-287.18498511007056,822,1280
2021-12-10,297.44,300.5,304.28,294.43,82050000,-0.99,1593.0,-190.19517829129472,632,961
2021-12-09,300.4,297.49,304.94,292.5,133930000,1.16,2037.0,-226.671760245692,841,1196
2021-12-08,296.95,310.99,316.88,291.57,241040000,-4.14,2433.0,-344.2598706111312,955,1478
2021-12-07,309.79,307.14,313.03,300.5,154170000,0.74,1548.0,-204.4675415433012,617,931
2021-12-06,307.5,322.0,324.16,304.18,99690000,-4.1,1343.0,-206.9296162086539,514,829
2021-12-03,320.66,327.6,328.95,318.4,43110000,-1.88,600.0,-87.7845969684422,233,367
2021-12-02,326.8,325.4,329.0,320.54,61450000,0.74,534.0,-55.09862572932616,222,312
2021-12-01,324.4,321.3,329.44,319.51,69950000,2.98,631.0,-73.28344707051292,263,368
2021-11-30,315.0,311.0,318.58,310.09,98210000,-0.5,932.0,-150.9398612540681,351,581
2021-11-29,316.57,311.11,322.15,309.42,82630000,3.99,619.0,-92.69974006991832,237,382
2021-11-26,304.42,307.14,312.0,303.22,90700000,-4.06,991.0,-186.513254779391,354,637
2021-11-25,317.29,322.35,322.96,316.11,44080000,-1.22,581.0,-118.94114218372852,203,378
2021-11-24,321.22,328.0,329.97,317.35,77920000,-1.72,820.0,-113.76597571978346,310,510
2021-11-23,326.84,306.28,327.01,300.1,144890000,5.72,1212.0,-223.50244916044176,420,792
2021-11-22,309.15,326.05,326.39,306.67,144390000,-5.62,1112.0,-201.8715040893294,393,719
2021-11-19,327.56,339.37,339.99,325.7,67110000,-2.78,728.0,-79.95363515196368,309,419
2021-11-18,336.93,338.97,343.12,333.5,47120000,-0.87,525.0,-84.37200256902725,187,338
2021-11-17,339.89,338.49,343.57,336.6,49770000,0.59,453.0,-59.76568667218089,170,283
2021-11-16,337.91,345.99,346.47,336.01,61970000,-1.88,686.0,-95.0709293652326,278,408
2021-11-15,344.39,349.24,352.8,342.76,59970000,-0.92,502.0,-69.33710435591638,197,305
2021-11-12,347.59,356.24,356.37,339.68,100680000,-2.43,837.0,-105.77434997819364,349,488
2021-11-11,356.24,350.11,357.89,347.22,42920000,2.18,538.0,-96.7463045604527,196,342
2021-11-10,348.65,356.7,358.8,348.0,46560000,-2.46,563.0,-75.4114471389912,221,342
2021-11-09,357.44,358.41,364.58,355.6,41720000,-0.27,514.0,-89.19278941117227,196,318
2021-11-08,358.39,362.57,363.97,355.6,39740000,-0.51,534.0,-65.70284864585847,226,308
2021-11-05,360.21,366.99,367.56,358.5,39230000,-2.68,460.0,-43.6611632630229,195,265
2021-11-03,370.13,370.0,370.5,365.03,30880000,-0.15,476.0,-31.15813584625721,222,254
2021-11-02,370.7,371.0,374.0,367.2,37720000,-0.07,489.0,-42.37631250498816,217,272
2021-11-01,370.96,356.15,371.47,356.14,55130000,4.16,529.0,-44.10525534674525,226,303
2021-10-29,356.14,364.34,364.34,352.68,53540000,-2.52,558.0,-68.72497333027422,237,321
2021-10-28,365.36,370.5,374.92,362.32,53890000,-1.62,425.0,-50.50853045005351,170,255
2021-10-27,371.36,371.0,374.0,366.51,36450000,-0.21,319.0,-39.32884897105396,127,192
2021-10-26,372.16,369.89,374.63,365.66,41830000,0.59,288.0,-39.50457873172127,123,165
2021-10-25,369.99,366.2,371.7,361.68,35640000,1.54,175.0,-19.92423124751076,69,106
2021-10-22,364.37,364.0,370.39,362.37,26380000,-0.06,189.0,-9.309144197031856,91,98
2021-10-21,364.6,368.2,371.14,363.2,24500000,-1.5,281.0,-40.15488143172115,113,168
2021-10-20,370.16,371.83,371.97,367.1,27540000,-0.81,194.0,-13.690762436017394,86,108
2021-10-19,373.18,366.14,373.4,361.5,40030000,2.35,263.0,-5.141903869342059,138,125
2021-10-18,364.6,369.35,369.91,363.75,38230000,-1.94,196.0,-13.853966118767858,90,106
2021-10-15,371.82,377.92,378.41,370.43,37370000,-1.14,243.0,-26.36917893216014,94,149
2021-10-14,376.09,382.0,383.13,374.57,36360000,-0.72,306.0,-54.105296404566616,115,191
2021-10-13,378.8,378.86,380.91,370.81,54690000,0.27,414.0,-50.67960213404149,169,245
2021-10-12,377.79,385.88,386.86,376.72,51670000,-2.53,343.0,-35.778927576262504,151,192
2021-10-11,387.6,375.0,388.11,375.0,66700000,3.91,458.0,-64.64954371284693,171,287
2021-10-08,373.01,370.0,374.55,368.0,31050000,1.11,258.0,-34.976841636002064,102,156
2021-10-07,368.93,367.69,374.0,365.88,49560000,1.28,264.0,-22.97270818334073,106,158
2021-10-06,364.28,366.0,375.48,359.35,95800000,0.3,518.0,-67.43394655687734,210,308
2021-10-05,363.2,346.78,365.0,344.9,86820000,5.02,567.0,-90.50978553341702,220,347
2021-10-04,345.85,337.9,349.31,336.22,60130000,2.18,449.0,-54.653989208862185,184,265
2021-10-01,338.48,339.21,339.94,336.08,37690000,-0.74,227.0,-44.713818619959056,82,145
2021-09-30,340.99,329.98,342.2,329.45,83620000,3.82,374.0,-47.94740316923708,152,222
2021-09-29,328.43,329.09,330.45,327.15,27650000,-0.26,150.0,-11.964575667865574,69,81
2021-09-28,329.3,332.07,334.48,328.32,52540000,-0.72,152.0,-17.511128610000014,67,85
2021-09-27,331.68,326.39,332.46,326.09,34410000,1.92,101.0,6.150315782055259,57,44
2021-09-24,325.44,326.08,326.23,323.62,24580000,-0.48,184.0,-4.26938545005396,89,95
2021-09-23,327.02,328.94,329.4,325.13,27070000,-0.24,164.0,-19.05965050915256,64,100
2021-09-22,327.8,325.28,328.9,322.5,38200000,1.41,196.0,-16.274767557159066,88,108
2021-09-21,323.25,328.44,329.48,322.39,47770000,-1.12,231.0,-0.3068468412384399,109,122
2021-09-20,326.92,327.01,328.85,325.0,31830000,-0.8,142.0,-15.163583955261856,59,83
2021-09-17,329.56,326.9,331.73,325.7,54130000,0.79,342.0,-4.499309586361052,173,169
2021-09-16,326.99,333.04,334.5,324.91,62500000,-1.95,262.0,-26.607457181438804,113,149
2021-09-15,333.51,326.46,334.6,326.46,43830000,2.15,165.0,-8.770045812241733,72,93
2021-09-14,326.48,327.45,328.84,325.48,22510000,-0.28,83.0,-3.26606004871428,37,46
2021-09-13,327.41,327.01,328.14,324.01,24370000,0.36,113.0,-18.55973543599248,44,69
2021-09-10,326.25,328.01,328.43,325.21,17530000,0.07,134.0,-10.101274318061767,60,74
2021-09-09,326.01,330.4,330.4,325.69,29960000,-1.72,94.0,-8.432759904302657,38,56
2021-09-08,331.7,325.96,332.74,322.84,47840000,1.76,194.0,-36.80897852219641,71,123
2021-09-07,325.96,329.82,330.73,324.64,24450000,-1.04,127.0,-10.766871482599528,53,74
2021-09-06,329.37,330.0,331.45,328.5,17490000,-0.1,84.0,-16.064155568368733,25,59
2021-09-03,329.71,329.47,330.53,326.62,29630000,0.22,158.0,-20.834011846221983,67,91
2021-09-02,329.0,334.67,334.91,328.77,31610000,-1.66,205.0,-1.5629827808588743,104,101
2021-09-01,334.57,328.87,334.64,328.03,30700000,2.02,255.0,-22.927755578421056,104,151
2021-08-31,327.94,328.5,330.48,327.3,32460000,-0.1,213.0,-15.396507226862012,101,112
2021-08-30,328.28,328.43,329.38,326.51,20400000,0.27,194.0,8.290133004076779,111,83
2021-08-27,327.41,323.71,327.5,321.8,27850000,1.51,248.0,-18.48578611575067,113,135
2021-08-26,322.54,324.03,325.55,320.58,27530000,-0.63,290.0,-7.296111784875393,142,148
2021-08-25,324.57,324.3,325.32,321.26,28110000,-0.08,360.0,-37.44106324389577,160,200
2021-08-24,324.83,330.43,331.22,323.32,35760000,-1.33,385.0,-56.18777416367084,146,239
2021-08-23,329.22,327.85,329.81,326.55,20610000,1.09,201.0,-37.04451459087432,76,125
2021-08-20,325.67,332.02,333.27,325.17,36390000,-2.11,392.0,-71.74398642778397,149,243
2021-08-19,332.69,333.5,334.0,329.1,46180000,-0.66,454.0,-78.82027276791632,156,298
2021-08-18,334.9,336.0,338.99,333.26,36360000,0.12,494.0,-81.80811234656721,186,308
2021-08-17,334.5,329.0,335.7,328.55,42470000,1.56,488.0,-88.37063355278224,185,303
2021-08-16,329.36,327.59,330.52,327.13,23950000,0.21,234.0,-46.4024812579155,82,152
2021-08-13,328.68,328.6,330.27,327.31,18820000,0.03,243.0,-35.88856964465231,101,142
2021-08-12,328.57,330.0,330.64,327.3,21000000,-0.4,337.0,-7.022177678532898,158,179
2021-08-11,329.9,330.7,330.98,326.21,34450000,-0.06,483.0,-51.03014063928276,212,271
2021-08-10,330.11,328.05,331.29,326.97,41540000,0.98,508.0,-70.67473013419658,203,305
2021-08-09,326.91,318.59,328.3,317.62,72070000,2.43,737.0,-87.22695692908019,291,446
2021-08-06,319.15,316.2,320.0,315.31,54140000,1.05,468.0,-22.10929197166115,214,254
2021-08-05,315.82,311.02,315.91,310.82,37330000,1.52,388.0,-3.802111478522421,197,191
2021-08-04,311.1,310.26,312.0,309.25,30930000,0.39,391.0,-23.891616981476545,173,218
2021-08-03,309.89,306.31,309.89,306.25,33930000,1.1,418.0,-57.41730209533125,168,250
2021-08-02,306.51,306.23,308.63,306.06,31590000,0.3,254.0,-26.882415181957185,106,148
2021-07-30,305.59,302.48,306.67,301.12,49730000,0.81,363.0,-10.235818847548217,174,189
2021-07-29,303.12,304.13,305.27,303.03,28040000,0.07,289.0,-31.57964838575572,119,170
2021-07-28,302.9,300.43,302.98,300.0,27010000,1.06,245.0,-12.3891598735936,119,126
2021-07-27,299.71,302.66,304.59,299.38,38610000,-1.2,215.0,-6.620080796070397,108,107
2021-07-26,303.34,294.0,303.68,291.98,34020000,2.35,296.0,-16.288230922073126,132,164
2021-07-23,296.38,297.49,298.69,295.04,14970000,-0.3,149.0,-14.06331932079047,67,82
2021-07-22,297.27,295.77,298.17,294.43,20340000,0.82,173.0,-13.176076389849186,80,93
2021-07-21,294.86,296.0,296.94,293.54,17540000,-0.42,217.0,-20.11393448058516,93,124
2021-07-20,296.1,292.33,296.8,292.3,35590000,1.59,148.0,-6.418937573209405,73,75
2021-07-19,291.46,298.0,298.36,290.03,41320000,-2.47,343.0,-18.47732641734183,158,185
2021-07-16,298.85,302.05,304.78,298.57,34530000,-0.95,269.0,21.1231271577999,151,118
2021-07-15,301.72,301.13,303.5,299.77,21110000,0.07,252.0,3.752902848646044,136,116
2021-07-14,301.5,302.7,303.69,300.74,23970000,-0.5,226.0,4.249218353070319,120,106
2021-07-13,303.0,306.81,307.22,302.11,21270000,-1.05,279.0,-3.4407864697277546,137,142
2021-07-12,306.23,303.55,306.27,301.52,25300000,0.88,151.0,7.507999878376722,86,65
2021-07-09,303.56,302.7,304.1,301.22,20530000,0.31,258.0,16.81459349952638,149,109
2021-07-08,302.63,303.0,304.3,300.62,30770000,-0.47,318.0,-5.701162101700902,161,157
2021-07-07,304.06,303.98,306.2,302.85,22680000,0.24,411.0,-18.983707511797547,195,216
2021-07-06,303.34,307.32,307.59,302.37,32689999,-1.19,343.0,-19.216641122475263,163,180
2021-07-05,307.0,307.81,308.11,304.8,16510000,-0.13,188.0,-1.7759553315117955,91,97
2021-07-02,307.39,305.52,308.37,304.71,28910000,0.53,445.0,-4.122460978105664,228,217
2021-07-01,305.78,306.0,307.35,305.0,19990000,-0.22,375.0,-10.66288503818214,187,188
2021-06-30,306.45,306.19,306.91,303.34,31550000,0.11,325.0,1.5626594526693225,175,150
2021-06-29,306.1,308.7,309.23,303.66,33940000,-1.09,334.0,-2.6800148729234925,165,169
2021-06-28,309.48,311.77,312.06,309.13,19460000,-0.75,247.0,-25.997307227924463,110,137
2021-06-25,311.81,310.58,312.5,309.82,22600000,0.58,337.0,-36.53715276531875,145,192
2021-06-24,310.0,309.8,311.2,308.84,19730000,0.07,321.0,-39.01680955197662,136,185
2021-06-23,309.79,310.45,312.0,308.69,24830000,0.02,409.0,-38.5780929941684,177,232
2021-06-22,309.73,310.79,311.17,308.13,23540000,-0.22,300.0,-19.525596410036087,145,155
2021-06-21,310.4,308.47,310.4,306.56,36130000,0.36,297.0,-13.57531703170389,134,163
2021-06-18,309.3,312.9,313.82,308.13,62460000,-1.47,597.0,-47.13434201385826,251,346
2021-06-17,313.9,311.0,315.42,310.46,44320000,0.73,420.0,-40.17808705521748,179,241
2021-06-16,311.61,312.5,314.54,311.03,38250000,-0.29,390.0,-28.360869199037552,177,213
2021-06-15,312.51,314.14,315.6,312.4,29740000,-0.51,284.0,-24.357712123543024,127,157
2021-06-14,314.12,313.48,314.87,310.4,25520000,0.36,201.0,-11.501300241798162,88,113
2021-06-11,313.0,314.88,315.08,312.5,21920000,-0.51,368.0,-10.177816356532276,178,190
2021-06-10,314.62,314.87,316.58,313.76,29210000,-0.05,300.0,-21.64360600244254,138,162
2021-06-09,314.78,315.0,315.9,312.9,25150000,-0.02,234.0,-14.795473102014512,103,131
2021-06-08,314.83,315.29,316.18,312.5,34940000,-0.22,288.0,-13.950280789285898,133,155
2021-06-07,315.53,310.03,316.0,308.57,40200000,1.48,301.0,-10.696489945985377,143,158
2021-06-04,310.94,313.0,313.0,307.6,37130000,-0.47,320.0,-42.14773308113217,134,186
2021-06-03,312.41,314.81,315.71,309.87,34550000,-0.5,375.0,-22.55060597229749,173,202
2021-06-02,313.98,311.6,314.0,310.61,27010000,0.76,342.0,-51.94185622502118,130,212
2021-06-01,311.6,312.6,314.17,310.03,37660000,0.26,379.0,-27.38808167912066,170,209
2021-05-31,310.79,309.3,312.6,308.82,23680000,0.4,277.0,-38.93287492543459,103,174
2021-05-28,309.56,313.3,314.0,309.06,35480000,-1.01,377.0,-58.6984908413142,135,242
2021-05-27,312.72,306.39,313.9,305.72,70750000,1.86,541.0,-65.739444849547,223,318
2021-05-26,307.01,307.84,309.5,305.33,35360000,0.07,339.0,-34.27119338978082,144,195
2021-05-25,306.8,301.77,307.4,301.57,37550000,2.03,338.0,-7.322109505534172,175,163
2021-05-24,300.7,302.02,304.75,299.59,30830000,-0.18,196.0,-18.63335527200252,75,121
2021-05-21,301.23,296.85,302.98,294.9,51420000,1.52,559.0,-38.09880041703582,256,303
2021-05-20,296.72,297.94,298.37,293.0,58510000,-0.09,567.0,-45.07402428472415,251,316
2021-05-19,297.0,304.38,304.88,295.1,71750000,-2.87,824.0,-88.25539814960212,351,473
2021-05-18,305.78,305.01,306.62,303.33,35500000,0.61,218.0,-19.34731269814074,91,127
2021-05-17,303.94,303.5,305.24,301.01,28380000,-0.05,297.0,-35.40946367895231,123,174
2021-05-14,304.1,308.2,308.24,302.33,26860000,-0.86,480.0,-66.31277605239302,190,290
2021-05-13,306.74,302.11,306.86,299.33,57720000,1.56,575.0,-124.9763090829365,197,378
2021-05-12,302.02,307.39,309.24,302.0,56140000,-1.67,642.0,-96.17178803356364,252,390
2021-05-11,307.16,303.0,309.48,301.0,79950000,-4.07,936.0,-168.92350565223023,344,592
2021-05-10,320.19,318.26,320.19,314.31,59250000,0.71,850.0,-161.15296242712066,279,571
2021-05-07,317.94,316.0,319.16,315.48,56430000,1.02,991.0,-164.356252735015,352,639
2021-05-06,314.72,306.29,314.98,306.25,62570000,2.85,888.0,-163.87861064262688,310,578
2021-05-05,305.99,304.01,306.03,302.71,41720000,0.75,400.0,-51.802427196875215,157,243
2021-05-04,303.7,298.7,304.23,298.2,60460000,2.01,279.0,-37.71440540719777,117,162
2021-04-30,297.73,296.92,298.1,295.03,35680000,0.21,394.0,-26.44504663161933,177,217
2021-04-29,297.1,301.0,301.84,294.79,57080000,-0.47,642.0,-34.144194963388145,292,350
2021-04-28,298.49,299.0,299.26,295.89,40620000,0.0,448.0,-30.653929048217837,202,246
2021-04-27,298.5,295.74,300.25,295.61,62850000,1.09,864.0,-84.86288714688271,357,507
2021-04-26,295.27,294.3,296.48,293.1,45760000,0.71,561.0,-34.131825734395534,251,310
2021-04-23,293.19,293.1,294.2,290.78,42650000,0.35,908.0,-90.33203762350604,378,530
2021-04-22,292.18,289.04,294.67,286.93,73630000,1.01,856.0,-67.48335828958079,378,478
2021-04-21,289.25,288.01,290.2,287.06,49790000,0.64,625.0,-88.64288587821648,252,373
2021-04-20,287.42,288.9,290.92,286.59,63200000,-0.1,584.0,-48.29042517952621,254,330
2021-04-19,287.72,287.86,289.25,286.04,51330000,-0.27,490.0,-59.97338733728975,199,291
2021-04-16,288.5,285.71,289.3,284.08,63500000,1.68,723.0,-84.83988095354289,300,423
2021-04-15,283.72,281.5,285.19,280.87,88050000,-1.2,933.0,-139.58525496907532,359,574
2021-04-14,287.18,290.0,291.58,286.72,59360000,-0.27,617.0,-93.82185071147978,241,376
2021-04-13,287.95,282.93,288.2,281.14,67970000,2.2,559.0,-80.2897414052859,219,340
2021-04-12,281.75,278.2,285.35,278.0,57180000,0.24,530.0,-60.41947328206152,218,312
2021-04-09,281.07,283.47,283.79,280.09,40030000,-0.99,530.0,-58.82645946368575,230,300
2021-04-08,283.89,284.88,286.2,282.17,51290000,-0.03,504.0,-72.10005193110555,195,309
2021-04-07,283.98,281.68,284.29,278.54,74150000,0.88,664.0,-96.17814799351618,258,406
2021-04-06,281.5,289.0,289.43,281.37,77530000,-2.52,605.0,-91.98637125920504,238,367
2021-04-05,288.78,290.8,291.48,287.07,35360000,-1.0,444.0,-73.1449721539393,170,274
2021-04-02,291.7,290.81,292.4,289.14,19280000,0.5,299.0,-18.530438491143286,133,166
2021-04-01,290.24,292.0,294.72,288.43,51600000,-0.27,584.0,-70.55906810751185,252,332
2021-03-31,291.02,294.0,294.42,290.26,47000000,-0.76,382.0,-47.09345385245979,154,228
2021-03-30,293.25,294.86,295.72,291.5,38810000,-0.02,511.0,-57.51410521008074,205,306
2021-03-29,293.3,289.72,294.09,289.26,43680000,0.71,477.0,-46.95141450734809,200,277
2021-03-26,291.22,288.63,292.75,288.32,56070000,1.59,546.0,-59.123479356989264,239,307
2021-03-25,286.66,286.5,287.03,283.85,35220000,0.3,384.0,-76.82149476837367,135,249
2021-03-24,285.79,283.4,288.0,282.25,46410000,1.13,580.0,-109.90822493843734,201,379
2021-03-23,282.6,287.56,288.3,282.11,70760000,-2.1,810.0,-174.96110839769244,268,542
2021-03-22,288.65,285.0,291.2,283.08,62760000,1.11,526.0,-114.76116923708469,173,353
2021-03-19,285.47,279.0,286.31,278.03,84250000,2.23,701.0,-123.35385032743216,245,456
2021-03-18,279.25,284.04,285.79,278.24,74130000,-1.45,621.0,-120.48081571329384,225,396
2021-03-17,283.35,292.35,293.25,279.6,110290000,-3.07,812.0,-150.9454839900136,294,518
2021-03-16,292.33,293.06,293.88,288.61,53920000,-0.14,456.0,-73.05372201744467,173,283
2021-03-15,292.74,286.05,292.92,285.28,67810000,2.74,672.0,-80.02473655249923,282,390
2021-03-12,284.93,286.3,287.49,282.82,51540000,-0.37,408.0,-43.30390576180071,165,243
2021-03-11,286.0,283.84,286.38,282.3,47370000,1.33,360.0,-54.00923365121707,146,214
2021-03-10,282.24,285.24,288.0,281.0,55160000,-1.24,516.0,-88.58884627837688,178,338
2021-03-09,285.79,278.8,286.38,277.56,72790000,2.99,484.0,-62.532405582256615,197,287
2021-03-05,277.5,276.0,278.98,272.76,83550000,1.0,485.0,-63.173479811288416,202,283
2021-03-04,274.75,278.5,281.96,273.63,91990000,-1.17,744.0,-62.98216826794669,323,421
2021-03-03,278.01,281.7,283.83,277.63,64280000,-0.39,612.0,-88.94315345399082,238,374
2021-03-02,279.1,271.89,280.0,271.6,71570000,2.02,545.0,-47.42846081126481,221,324
2021-03-01,273.58,273.0,274.73,271.13,35960000,1.26,209.0,-30.06019977387041,84,125
2021-02-26,270.17,268.0,272.49,266.43,74890000,-0.2,432.0,-35.971732415258884,189,243
2021-02-25,270.71,273.6,276.48,270.65,79720000,-0.44,427.0,-51.22649017907679,173,254
2021-02-24,271.9,272.12,272.75,269.42,64190000,-0.66,292.0,-29.79278356861323,120,172
2021-02-22,273.71,270.1,274.46,268.12,48130000,1.18,252.0,-17.230912811122835,120,132
2021-02-20,270.51,271.0,271.0,269.02,8760000,-0.31,340.0,-59.67784849274904,125,215
2021-02-19,271.34,266.12,272.81,264.19,59270000,1.63,341.0,-45.0175189524889,138,203
2021-02-18,266.99,270.35,272.46,266.21,58730000,-1.44,361.0,-36.88251142716035,163,198
2021-02-17,270.9,270.99,275.07,267.56,79100000,0.0,542.0,-67.4460542909801,206,336
2021-02-16,270.9,272.3,272.8,268.27,63100000,-0.33,423.0,-49.01594290323556,170,253
2021-02-15,271.81,268.49,271.87,267.07,56950000,2.18,437.0,-69.43444118183106,170,267
2021-02-12,266.0,264.0,266.44,258.55,81660000,0.49,294.0,-34.483099347911775,128,166
2021-01-22,268.25,273.0,273.3,266.78,87010000,-2.24,67.0,-3.916080613154917,27,40
2021-01-21,274.4,280.75,281.54,272.84,83800000,-1.93,695.0,-78.59674760978669,285,410
2021-01-20,279.8,278.62,282.49,276.77,47940000,0.58,442.0,-66.28113522846252,175,267
2021-01-19,278.19,280.98,282.8,276.42,56000000,-0.57,583.0,-69.53463332494721,237,346
2021-01-18,279.79,275.72,281.3,272.95,73940000,1.04,562.0,-65.3611038425006,228,334
2021-01-15,276.9,282.55,286.16,276.0,73770000,-2.77,695.0,-87.51041456405073,288,407
2021-01-14,284.79,284.0,286.9,279.06,74670000,0.36,512.0,-49.35798868723214,222,290
2021-01-13,283.78,291.01,292.46,283.1,67560000,-2.14,560.0,-68.6424590907991,226,334
2021-01-12,289.99,290.88,296.07,286.7,78960000,0.17,504.0,-72.21619905531406,198,306
2021-01-11,289.49,282.86,292.95,279.48,112350000,2.06,505.0,-67.4020579252392,204,301
2021-01-08,283.64,275.11,283.99,275.11,88930000,3.92,207.0,-25.33968458976597,83,124
2021-01-06,272.93,275.94,275.94,271.62,40950000,-0.82,168.0,-40.228842752054334,54,114
2021-01-05,275.2,272.69,275.7,270.28,45580000,1.18,187.0,-24.0711092799902,77,110
2021-01-04,272.0,274.67,276.6,270.61,48920000,0.13,214.0,-18.518651919439435,90,124
2020-12-30,271.65,272.49,274.24,270.12,31530000,-0.13,303.0,-36.174203482456505,118,185
2020-12-29,272.0,275.91,276.43,271.26,39020000,-0.98,303.0,-41.45688182674348,114,189
2020-12-28,274.7,270.9,275.19,269.73,39040000,1.5,275.0,-52.35642965137959,96,179
2020-12-25,270.64,269.97,271.0,268.28,11990000,0.49,246.0,-32.770341539755464,99,147
2020-12-24,269.32,271.98,272.82,267.13,42610000,-0.29,412.0,-48.65045830793679,167,245
2020-12-23,270.1,262.25,270.29,260.22,67940000,3.08,508.0,-83.9688449241221,183,325
2020-12-22,262.04,259.55,267.42,257.05,105490000,0.1,540.0,-62.75907139852643,223,317
2020-12-21,261.79,266.2,267.34,259.7,120520000,-3.1,944.0,-121.3471995005384,393,551
2020-12-18,270.16,277.22,277.4,268.52,99270000,-2.99,1038.0,-69.68279478047043,474,564
2020-12-17,278.5,279.81,285.16,276.54,92140000,0.05,539.0,-106.99796829838306,187,352
2020-12-16,278.35,278.0,280.84,276.14,54750000,-0.13,421.0,-77.17544335266575,152,269
2020-12-15,278.7,278.53,283.76,276.07,84190000,-0.45,666.0,-85.20309792924672,259,407
2020-12-14,279.95,285.01,287.74,277.1,90420000,-1.33,1067.0,-140.85524032637477,425,642
2020-12-11,283.73,282.5,284.6,279.78,76100000,0.54,1113.0,-217.2684015375562,390,723
2020-12-10,282.2,276.55,282.2,275.2,75660000,1.92,1000.0,-174.20746560953555,361,639
2020-12-09,276.89,276.4,279.42,275.87,73640000,0.51,902.0,-176.12446614168584,300,602
2020-12-08,275.49,274.5,276.66,271.52,78860000,0.41,849.0,-138.42308726161718,319,530
2020-12-07,274.36,269.0,276.13,268.1,94790000,1.61,1127.0,-189.08619314432144,417,710
2020-12-04,270.0,264.63,270.84,264.5,94640000,2.61,1159.0,-158.9088203823194,461,698
2020-12-03,263.14,264.5,264.63,260.85,62240000,-0.35,1008.0,-174.7803711714223,355,653
2020-12-02,264.06,260.05,264.99,258.8,93450000,1.25,1128.0,-150.72658697608858,439,689
2020-12-01,260.81,250.75,260.99,249.8,132070000,4.48,1011.0,-131.25102570606396,411,600
2020-11-30,249.63,249.72,251.0,245.98,112140000,-0.78,793.0,-128.4619532795623,300,493
2020-11-27,251.59,250.3,252.26,248.03,51430000,0.6,702.0,-71.11830673040822,297,405
2020-11-26,250.1,252.3,252.88,247.44,79920000,-0.72,872.0,-84.33892437117174,373,499
2020-11-25,251.91,248.0,252.2,246.55,133400000,1.85,905.0,-114.12735857162625,377,528
2020-11-24,247.33,241.65,247.85,239.57,84520000,3.18,648.0,-105.93098119739444,243,405
2020-11-23,239.7,240.45,243.87,238.52,74830000,0.12,417.0,-59.90130324475467,162,255
2020-11-20,239.42,239.58,240.77,236.57,48800000,-0.35,516.0,-58.05215674918145,214,302
2020-11-19,240.27,242.5,243.49,237.34,97140000,-1.01,737.0,-116.16111497255042,262,475
2020-11-18,242.71,245.1,247.23,242.59,60090000,-1.22,681.0,-112.77651113411412,251,430
2020-11-17,245.7,248.0,249.84,243.41,94920000,-0.92,676.0,-104.9168864414096,266,410
2020-11-16,247.99,244.14,248.73,244.0,113950000,2.06,810.0,-115.2476556962356,314,496
2020-11-13,242.99,242.01,244.14,238.62,106150000,0.38,1091.0,-130.01267905160785,444,647
2020-11-12,242.08,243.31,245.72,240.22,151440000,-0.87,1646.0,-234.01015575043857,631,1015
2020-11-11,244.2,237.0,245.98,236.89,234840000,3.43,1990.0,-402.8673646217212,685,1305
2020-11-10,236.1,227.0,237.6,226.27,229600000,3.53,1528.0,-171.58585921907795,614,914
2020-11-09,228.05,220.0,231.3,218.7,217540000,4.85,1037.0,-111.69136049924418,443,594
2020-11-06,217.5,215.8,218.29,213.0,95000000,0.37,831.0,-129.18482277262956,321,510
2020-11-05,216.7,214.4,218.65,211.43,152550000,3.59,1208.0,-136.8925150069408,508,700
2020-11-03,209.2,205.7,211.11,203.8,90370000,2.3,849.0,-91.21298275794834,338,511
2020-11-02,204.5,200.45,204.59,196.15,82340000,1.75,108.0,-23.567651510238647,34,74
